Workbook

Sheet دیده بان بازار
A1: Column1 | B1: Column2 | C1: Column3 | D1: Column4 | E1: Column5 | F1: Column6 | G1: Column7 | H1: Column8 | I1: Column9 | J1: Column10 | K1: Column11 | L1: Column12 | M1: Column13 | N1: Column14 | O1: Column15 | P1: Column16 | Q1: Column17 | R1: Column18 | S1: Column19 | T1: Column20 | U1: Column21 | V1: Column22 | W1: Column23
A3: دیده بان بازار : 1405/06/14 - زمان آخرین معامله : 18:00:00
A4: نماد | B4: نام | C4: تعداد | D4: حجم | E4: ارزش | F4: دیروز | G4: اولین | H4: آخرین معامله - مقدار | I4: آخرین معامله - تغییر | J4: آخرین معامله - درصد | K4: قیمت پایانی - مقدار | L4: قیمت پایانی - تغییر | M4: قیمت پایانی - درصد | N4: کمترین | O4: بیشترین | P4: EPS | Q4: P/E | R4: خرید - تعداد | S4: خرید - حجم | T4: خرید - قیمت | U4: فروش - قیمت | V4: فروش - حجم | W4: فروش - تعداد
A5: طملت7047 | B5: اختيارف وبملت-1754-1405/07/22 | C5: 0 | D5: 0 | E5: 0 | F5: 1 | G5: 0 | H5: 1 | I5: 0 | J5: 0 | K5: 1 | L5: 0 | M5: 0 | N5: 0 | O5: 0 | R5: 1 | S5: 55 | T5: 25 | U5: 0 | V5: 0 | W5: 0
A6: طملت7048 | B6: اختيارف وبملت-1854-1405/07/22 | C6: 0 | D6: 0 | E6: 0 | F6: 1 | G6: 0 | H6: 1 | I6: 0 | J6: 0 | K6: 1 | L6: 0 | M6: 0 | N6: 0 | O6: 0 | R6: 1 | S6: 9 | T6: 111 | U6: 0 | V6: 0 | W6: 0
A7: طملت8068 | B7: اختيارف وبملت-800-1405/08/20 | C7: 8 | D7: 3106 | E7: 18860000 | F7: 6 | G7: 8 | H7: 6 | I7: 0 | J7: 0 | K7: 6 | L7: 0 | M7: 0 | N7: 6 | O7: 10 | R7: 1 | S7: 1000 | T7: 3 | U7: 9 | V7: 100 | W7: 1
A8: طملت8069 | B8: اختيارف وبملت-900-1405/08/20 | C8: 0 | D8: 0 | E8: 0 | F8: 15 | G8: 0 | H8: 15 | I8: 0 | J8: 0 | K8: 15 | L8: 0 | M8: 0 | N8: 0 | O8: 0 | R8: 1 | S8: 100 | T8: 4 | U8: 15 | V8: 462 | W8: 1
A9: طملت8070 | B9: اختيارف وبملت-1000-1405/08/20 | C9: 4 | D9: 1051 | E9: 26685000 | F9: 34 | G9: 38 | H9: 25 | I9: -9 | J9: -26.47 | K9: 25 | L9: -9 | M9: -26.47 | N9: 25 | O9: 38 | R9: 1 | S9: 120 | T9: 22 | U9: 25 | V9: 999 | W9: 1
A10: طملت8071 | B10: اختيارف وبملت-1100-1405/08/20 | C10: 0 | D10: 0 | E10: 0 | F10: 1 | G10: 0 | H10: 1 | I10: 0 | J10: 0 | K10: 1 | L10: 0 | M10: 0 | N10: 0 | O10: 0 | R10: 1 | S10: 333 | T10: 3 | U10: 89 | V10: 300 | W10: 1
A11: طملت8072 | B11: اختيارف وبملت-1200-1405/08/20 | C11: 0 | D11: 0 | E11: 0 | F11: 11 | G11: 0 | H11: 11 | I11: 0 | J11: 0 | K11: 11 | L11: 0 | M11: 0 | N11: 0 | O11: 0 | R11: 1 | S11: 450 | T11: 9 | U11: 97 | V11: 499 | W11: 1
A12: طملت8073 | B12: اختيارف وبملت-1300-1405/08/20 | C12: 0 | D12: 0 | E12: 0 | F12: 100 | G12: 0 | H12: 100 | I12: 0 | J12: 0 | K12: 100 | L12: 0 | M12: 0 | N12: 0 | O12: 0 | R12: 1 | S12: 99 | T12: 15 | U12: 0 | V12: 0 | W12: 0
A13: طملت8074 | B13: اختيارف وبملت-1400-1405/08/20 | C13: 0 | D13: 0 | E13: 0 | F13: 1 | G13: 0 | H13: 1 | I13: 0 | J13: 0 | K13: 1 | L13: 0 | M13: 0 | N13: 0 | O13: 0 | R13: 1 | S13: 25 | T13: 11 | U13: 0 | V13: 0 | W13: 0
A14: طملت8075 | B14: اختيارف وبملت-1500-1405/08/20 | C14: 0 | D14: 0 | E14: 0 | F14: 1 | G14: 0 | H14: 1 | I14: 0 | J14: 0 | K14: 1 | L14: 0 | M14: 0 | N14: 0 | O14: 0 | R14: 1 | S14: 25 | T14: 11 | U14: 0 | V14: 0 | W14: 0
A15: طملت8076 | B15: اختيارف وبملت-1600-1405/08/20 | C15: 0 | D15: 0 | E15: 0 | F15: 1 | G15: 0 | H15: 1 | I15: 0 | J15: 0 | K15: 1 | L15: 0 | M15: 0 | N15: 0 | O15: 0 | R15: 1 | S15: 99 | T15: 15 | U15: 0 | V15: 0 | W15: 0
A16: طملت8077 | B16: اختيارف وبملت-1700-1405/08/20 | C16: 0 | D16: 0 | E16: 0 | F16: 1 | G16: 0 | H16: 1 | I16: 0 | J16: 0 | K16: 1 | L16: 0 | M16: 0 | N16: 0 | O16: 0 | R16: 1 | S16: 99 | T16: 19 | U16: 0 | V16: 0 | W16: 0
... A237: افق معادن07 | B237: مرابحه افق توسعه معادن070817 | C237: 0 | D237: 0 | E237: 0 | F237: 1000000 | G237: 0 | H237: 1000000 | I237: 0 | J237: 0 | K237: 1000000 | L237: 0 | M237: 0 | N237: 0 | O237: 0 | R237: 1 | S237: 5000 | T237: 995000 | U237: 1004950 | V237: 5000 | W237: 1
A238: كپرور | B238: فرآوري زغال سنگ پروده طبس | C238: 1305 | D238: 25156472 | E238: 491656705430 | F238: 19850 | G238: 20440 | H238: 19400 | I238: -450 | J238: -2.27 | K238: 19540 | L238: -310 | M238: -1.56 | N238: 19260 | O238: 20440 | P238: 2597 | Q238: 7.52 | R238: 2 | S238: 6783 | T238: 19390 | U238: 19440 | V238: 19055 | W238: 1
A239: آساس | B239: صندوق س.آسمان آرماني سهام-س | C239: 376 | D239: 1429280 | E239: 155304846651 | F239: 106904 | G239: 107007 | H239: 110111 | I239: 3207 | J239: 3 | K239: 108659 | L239: 1755 | M239: 1.64 | N239: 107007 | O239: 110111 | R239: 1 | S239: 60 | T239: 109566 | U239: 112785 | V239: 3000 | W239: 1
A240: اتوداريوش | B240: صندوق س. بخشي داريوش2-ب | C240: 119 | D240: 3122112 | E240: 48800964227 | F240: 15239 | G240: 15696 | H240: 15696 | I240: 457 | J240: 3 | K240: 15631 | L240: 392 | M240: 2.57 | N240: 15200 | O240: 15696 | R240: 2 | S240: 18906 | T240: 15410 | U240: 0 | V240: 0 | W240: 0
A241: امرالد | B241: صندوق س. كالاي كيميا | C241: 4063 | D241: 36114893 | E241: 1121366450464 | F241: 30176 | G241: 30750 | H241: 30967 | I241: 791 | J241: 2.62 | K241: 31050 | L241: 874 | M241: 2.9 | N241: 30750 | O241: 31505 | R241: 1 | S241: 19835 | T241: 30957 | U241: 30967 | V241: 74811 | W241: 1
A242: مشهد0720 | B242: مشاركت ش مشهد0720-3ماهه23% | C242: 0 | D242: 0 | E242: 0 | F242: 1000000 | G242: 0 | H242: 1000000 | I242: 0 | J242: 0 | K242: 1000000 | L242: 0 | M242: 0 | N242: 0 | O242: 0 | R242: 1 | S242: 8000 | T242: 1000000 | U242: 0 | V242: 0 | W242: 0
A243: وپست | B243: پست بانك ايران | C243: 969 | D243: 13694311 | E243: 134530798670 | F243: 9960 | G243: 9900 | H243: 9850 | I243: -110 | J243: -1.1 | K243: 9820 | L243: -140 | M243: -1.41 | N243: 9670 | O243: 10230 | P243: 2033 | Q243: 4.83 | R243: 1 | S243: 10000 | T243: 9830 | U243: 9850 | V243: 114008 | W243: 3
A244: هماي | B244: صندوق س هماي آگاه-ثابت | C244: 3082 | D244: 138211445 | E244: 1401442867905 | F244: 10147 | G244: 10162 | H244: 10143 | I244: -4 | J244: -0.04 | K244: 10140 | L244: -7 | M244: -0.07 | N244: 10130 | O244: 10162 | R244: 13 | S244: 363045 | T244: 10141 | U244: 10143 | V244: 386404 | W244: 2
A245: پلوله | B245: گازلوله‌ | C245: 22 | D245: 1363508 | E245: 12503368360 | F245: 8910 | G245: 9170 | H245: 9170 | I245: 260 | J245: 2.92 | K245: 9140 | L245: 230 | M245: 2.58 | N245: 9170 | O245: 9170 | P245: 517 | Q245: 17.68 | R245: 28 | S245: 5217621 | T245: 9170 | U245: 0 | V245: 0 | W245: 0
A246: آسال | B246: ص.س.درآمد ثابت آسال-د | C246: 278 | D246: 92378591 | E246: 989084263899 | F246: 10684 | G246: 10707 | H246: 10707 | I246: 23 | J246: 0.22 | K246: 10707 | L246: 23 | M246: 0.22 | N246: 10705 | O246: 10708 | R246: 2 | S246: 200000000 | T246: 10707 | U246: 10708 | V246: 8000000 | W246: 8
A247: مزه | B247: صندوق س صنايع دايا3-بخشي | C247: 656 | D247: 9086847 | E247: 257921604111 | F247: 27800 | G247: 28400 | H247: 28399 | I247: 599 | J247: 2.15 | K247: 28384 | L247: 584 | M247: 2.1 | N247: 27999 | O247: 28625 | R247: 1 | S247: 2735 | T247: 28399 | U247: 28402 | V247: 4212 | W247: 1
A248: لذيذ | B248: صندوق س صنايع سينا1-بخشي | C248: 296 | D248: 2697311 | E248: 68571299977 | F248: 25638 | G248: 25030 | H248: 25735 | I248: 97 | J248: 0.38 | K248: 25422 | L248: -216 | M248: -0.84 | N248: 24871 | O248: 26215 | R248: 1 | S248: 23125 | T248: 25629 | U248: 25735 | V248: 4016 | W248: 1
A249: تيپيكو | B249: سرمايه گذاري دارويي تامين | C249: 1466 | D249: 27805733 | E249: 756561343960 | F249: 26450 | G249: 27240 | H249: 27240 | I249: 790 | J249: 2.99 | K249: 27210 | L249: 760 | M249: 2.87 | N249: 26870 | O249: 27240 | P249: 2102 | Q249: 12.94 | R249: 183 | S249: 7469627 | T249: 27240 | U249: 0 | V249: 0 | W249: 0
A250: شاروم3 | B250: پتروشيمي اروميه | C250: 9 | D250: 7950 | E250: 106450500 | F250: 13000 | G250: 13390 | H250: 13390 | I250: 390 | J250: 3 | K250: 13390 | L250: 390 | M250: 3 | N250: 13390 | O250: 13390 | P250: 1318 | Q250: 10.16 | R250: 13 | S250: 177187 | T250: 13390 | U250: 0 | V250: 0 | W250: 0
A251: عبيلت1 | B251: سلف شمش بيلت فولاد خوزستان | C251: 0 | D251: 0 | E251: 0 | F251: 5100000 | G251: 0 | H251: 5100000 | I251: 0 | J251: 0 | K251: 5100000 | L251: 0 | M251: 0 | N251: 0 | O251: 0 | R251: 1 | S251: 49780 | T251: 5000000 | U251: 5100000 | V251: 49961 | W251: 1
A252: ثاميد3 | B252: توسعه و عمران اميد | C252: 8 | D252: 15402 | E252: 27076716 | F252: 1755 | G252: 1758 | H252: 1758 | I252: 3 | J252: 0.17 | K252: 1758 | L252: 3 | M252: 0.17 | N252: 1758 | O252: 1758 | P252: 547 | Q252: 3.21 | R252: 3 | S252: 150388 | T252: 1758 | U252: 0 | V252: 0 | W252: 0
A253: كياصنعت08 | B253: مرابحه كيا صنعت كاران080428 | C253: 0 | D253: 0 | E253: 0 | F253: 1000000 | G253: 0 | H253: 1000000 | I253: 0 | J253: 0 | K253: 1000000 | L253: 0 | M253: 0 | N253: 0 | O253: 0 | R253: 1 | S253: 10000 | T253: 990000 | U253: 1000000 | V253: 10000 | W253: 1
A254: كوير3 | B254: توليدي فولاد سپيد فراب كوير | C254: 224 | D254: 100763000 | E254: 191651226000 | F254: 1847 | G254: 1902 | H254: 1902 | I254: 55 | J254: 2.98 | K254: 1902 | L254: 55 | M254: 2.98 | N254: 1902 | O254: 1902 | P254: 292 | Q254: 6.51 | R254: 363 | S254: 345532738 | T254: 1902 | U254: 0 | V254: 0 | W254: 0
A255: حبندر | B255: دريايي و کشتيراني خط دريابندر | C255: 123 | D255: 1766915 | E255: 14620885830 | F255: 8110 | G255: 8350 | H255: 8350 | I255: 240 | J255: 2.96 | K255: 8270 | L255: 160 | M255: 1.97 | N255: 7950 | O255: 8350 | P255: 1112 | Q255: 7.44 | R255: 1 | S255: 600 | T255: 8350 | U255: 0 | V255: 0 | W255: 0
A256: تابان09 | B256: اجاره تابان فردا نوين14050803 | C256: 0 | D256: 0 | E256: 0 | F256: 988560 | G256: 0 | H256: 977130 | I256: -11430 | J256: -1.16 | K256: 988560 | L256: 0 | M256: 0 | N256: 0 | O256: 0 | R256: 1 | S256: 20000 | T256: 1000000 | U256: 0 | V256: 0 | W256: 0
A257: صگل811 | B257: صكوك مرابحه كگل811-3ماهه23% | C257: 0 | D257: 0 | E257: 0 | F257: 1000000 | G257: 0 | H257: 1000000 | I257: 0 | J257: 0 | K257: 1000000 | L257: 0 | M257: 0 | N257: 0 | O257: 0 | R257: 1 | S257: 10100 | T257: 1000000 | U257: 1000010 | V257: 10000 | W257: 1
A258: توان | B258: صندوق س. اهرمي توان مفيد-س | C258: 13771 | D258: 107822116 | E258: 6058558348000 | F258: 55961 | G258: 57355 | H258: 56432 | I258: 471 | J258: 0.84 | K258: 56190 | L258: 229 | M258: 0.41 | N258: 54275 | O258: 58103 | R258: 2 | S258: 20000 | T258: 56431 | U258: 56432 | V258: 29736 | W258: 1
A259: اكتوور072 | B259: مرابحه اكتوور كو-فارس070612 | C259: 0 | D259: 0 | E259: 0 | F259: 1000000 | G259: 0 | H259: 1000000 | I259: 0 | J259: 0 | K259: 1000000 | L259: 0 | M259: 0 | N259: 0 | O259: 0 | R259: 1 | S259: 10000 | T259: 995000 | U259: 1004950 | V259: 5000 | W259: 1
A260: خليبل | B260: ماليبل سايپا | C260: 64 | D260: 6035318 | E260: 11391366794 | F260: 1941 | G260: 1900 | H260: 1883 | I260: -58 | J260: -2.99 | K260: 1887 | L260: -54 | M260: -2.78 | N260: 1883 | O260: 1900 | P260: -111 | Q260: -17 | R260: 0 | S260: 0 | T260: 0 | U260: 1916 | V260: 15000 | W260: 1
A261: سهگمت | B261: سيمان‌هگمتان‌ | C261: 843 | D261: 1052457 | E261: 141715385400 | F261: 133900 | G261: 137300 | H261: 136000 | I261: 2100 | J261: 1.57 | K261: 134700 | L261: 800 | M261: 0.6 | N261: 133300 | O261: 137900 | P261: 27300 | Q261: 4.93 | R261: 2 | S261: 1552 | T261: 135300 | U261: 136100 | V261: 10150 | W261: 2
A262: بزاگرس | B262: نيروگاه زاگرس كوثر | C262: 366 | D262: 10004343 | E262: 84769905530 | F262: 8240 | G262: 8480 | H262: 8480 | I262: 240 | J262: 2.91 | K262: 8470 | L262: 230 | M262: 2.79 | N262: 8010 | O262: 8480 | P262: 466 | Q262: 18.18 | R262: 10 | S262: 88307 | T262: 8480 | U262: 0 | V262: 0 | W262: 0
A263: عديزل1 | B263: سلف موازي كاميونت بهمن ديزل | C263: 0 | D263: 0 | E263: 0 | F263: 2726838 | G263: 0 | H263: 2726838 | I263: 0 | J263: 0 | K263: 2726838 | L263: 0 | M263: 0 | N263: 0 | O263: 0 | R263: 1 | S263: 58800 | T263: 3235242 | U263: 0 | V263: 0 | W263: 0
A264: شهر فرش061 | B264: مرابحه شهر فرش-خليج فارس060921 | C264: 0 | D264: 0 | E264: 0 | F264: 1000000 | G264: 0 | H264: 1000000 | I264: 0 | J264: 0 | K264: 1000000 | L264: 0 | M264: 0 | N264: 0 | O264: 0 | R264: 1 | S264: 10000 | T264: 995000 | U264: 1004950 | V264: 5000 | W264: 1
A265: پرديس صنعت06 | B265: مرابحه پرديس صنعت061030 | C265: 0 | D265: 0 | E265: 0 | F265: 1000000 | G265: 0 | H265: 1000000 | I265: 0 | J265: 0 | K265: 1000000 | L265: 0 | M265: 0 | N265: 0 | O265: 0 | R265: 1 | S265: 5000 | T265: 1000000 | U265: 1010000 | V265: 5000 | W265: 1
A266: سغرب3 | B266: سيمان‌غرب‌ | C266: 1 | D266: 18816 | E266: 154291200 | F266: 8000 | G266: 8200 | H266: 8200 | I266: 200 | J266: 2.5 | K266: 8200 | L266: 200 | M266: 2.5 | N266: 8200 | O266: 8200 | P266: 1220 | Q266: 6.72 | R266: 8 | S266: 1039437 | T266: 8200 | U266: 0 | V266: 0 | W266: 0
A267: فافق | B267: صنايع مس افق كرمان | C267: 281 | D267: 4536494 | E267: 59272124550 | F267: 12720 | G267: 13010 | H267: 13100 | I267: 380 | J267: 2.99 | K267: 13070 | L267: 350 | M267: 2.75 | N267: 12810 | O267: 13100 | P267: 2178 | Q267: 6 | R267: 15 | S267: 435593 | T267: 13100 | U267: 13260 | V267: 10700 | W267: 2
A268: حريل | B268: ريل پردازسير | C268: 255 | D268: 7565282 | E268: 20535917183 | F268: 2705 | G268: 2786 | H268: 2714 | I268: 9 | J268: 0.33 | K268: 2714 | L268: 9 | M268: 0.33 | N268: 2641 | O268: 2786 | P268: 303 | Q268: 8.96 | R268: 1 | S268: 2000 | T268: 2700 | U268: 2714 | V268: 10840 | W268: 1
A269: كمرجان3 | B269: بازرگاني و توليدي مرجان كار | C269: 2 | D269: 3083 | E269: 12609470 | F269: 4100 | G269: 4090 | H269: 4090 | I269: -10 | J269: -0.24 | K269: 4090 | L269: -10 | M269: -0.24 | N269: 4090 | O269: 4090 | P269: 299 | Q269: 13.68 | R269: 25 | S269: 3579345 | T269: 4090 | U269: 0 | V269: 0 | W269: 0
A270: پديده05 | B270: مرابحه پلاستيك پديده 14050629 | C270: 0 | D270: 0 | E270: 0 | F270: 1067500 | G270: 0 | H270: 1067500 | I270: 0 | J270: 0 | K270: 1067500 | L270: 0 | M270: 0 | N270: 0 | O270: 0 | R270: 1 | S270: 5000 | T270: 1050000 | U270: 1070000 | V270: 5000 | W270: 1
A271: زكوثر3 | B271: سرمايه گذاري كشاورزي كوثر | C271: 3 | D271: 6315 | E271: 527681400 | F271: 81920 | G271: 83560 | H271: 83560 | I271: 1640 | J271: 2 | K271: 83560 | L271: 1640 | M271: 2 | N271: 83560 | O271: 83560 | P271: 6364 | Q271: 13.13 | R271: 3 | S271: 49245 | T271: 83560 | U271: 0 | V271: 0 | W271: 0
A272: گلريز05 | B272: اجاره گلريز پليمر قم14051026 | C272: 0 | D272: 0 | E272: 0 | F272: 867800 | G272: 0 | H272: 867800 | I272: 0 | J272: 0 | K272: 867800 | L272: 0 | M272: 0 | N272: 0 | O272: 0 | R272: 1 | S272: 10000 | T272: 859750 | U272: 0 | V272: 0 | W272: 0
A273: صفروس607 | B273: صكوك مرابحه فروس607-بدون ضامن | C273: 0 | D273: 0 | E273: 0 | F273: 1000000 | G273: 0 | H273: 1000000 | I273: 0 | J273: 0 | K273: 1000000 | L273: 0 | M273: 0 | N273: 0 | O273: 0 | R273: 1 | S273: 2250 | T273: 1000000 | U273: 1010000 | V273: 2250 | W273: 1
A274: زكوثر | B274: سرمايه گذاري كشاورزي كوثر | C274: 752 | D274: 4154342 | E274: 347156578440 | F274: 81920 | G274: 81000 | H274: 84210 | I274: 2290 | J274: 2.8 | K274: 83560 | L274: 1640 | M274: 2 | N274: 80500 | O274: 84370 | P274: 6364 | Q274: 13.13 | R274: 1 | S274: 1045 | T274: 84200 | U274: 84370 | V274: 13860 | W274: 5
A275: لبوتان | B275: گروه‌صنعتي‌بوتان‌ | C275: 619 | D275: 20724818 | E275: 87476612630 | F275: 4300 | G275: 4200 | H275: 4280 | I275: -20 | J275: -0.47 | K275: 4220 | L275: -80 | M275: -1.86 | N275: 4180 | O275: 4390 | P275: 849 | Q275: 4.97 | R275: 2 | S275: 93111 | T275: 4220 | U275: 4290 | V275: 37983 | W275: 3
A276: ختوقا | B276: قطعات‌ اتومبيل‌ ايران‌ | C276: 883 | D276: 21885500 | E276: 123595976940 | F276: 5530 | G276: 5680 | H276: 5690 | I276: 160 | J276: 2.89 | K276: 5650 | L276: 120 | M276: 2.17 | N276: 5490 | O276: 5690 | P276: 127 | Q276: 44.49 | R276: 4 | S276: 374706 | T276: 5690 | U276: 5810 | V276: 300000 | W276: 1
A277: كرمان5123 | B277: مرابحه كرمان موتور-تاك051223 | C277: 0 | D277: 0 | E277: 0 | F277: 1000000 | G277: 0 | H277: 1000000 | I277: 0 | J277: 0 | K277: 1000000 | L277: 0 | M277: 0 | N277: 0 | O277: 0 | R277: 1 | S277: 5000 | T277: 1000000 | U277: 1010000 | V277: 5000 | W277: 1
A278: پيشرو07 | B278: مرابحه اورند پيشرو070403 | C278: 0 | D278: 0 | E278: 0 | F278: 902500 | G278: 0 | H278: 902500 | I278: 0 | J278: 0 | K278: 902500 | L278: 0 | M278: 0 | N278: 0 | O278: 0 | R278: 1 | S278: 5000 | T278: 902500 | U278: 911500 | V278: 5000 | W278: 1
A279: خگستر3 | B279: گسترش‌سرمايه‌گذاري‌ايران‌خودرو | C279: 151 | D279: 18302366 | E279: 73392487660 | F279: 3920 | G279: 4010 | H279: 4010 | I279: 90 | J279: 2.3 | K279: 4010 | L279: 90 | M279: 2.3 | N279: 4010 | O279: 4010 | P279: 88 | Q279: 45.57 | R279: 66 | S279: 18445251 | T279: 4010 | U279: 0 | V279: 0 | W279: 0
A280: اراد304 | B280: مرابحه عام دولت304-ش.خ080711 | C280: 42 | D280: 39240000 | E280: 29037207700000 | F280: 740560 | G280: 740000 | H280: 739990 | I280: -570 | J280: -0.08 | K280: 739990 | L280: -570 | M280: -0.08 | N280: 739990 | O280: 740000 | R280: 1 | S280: 1000000 | T280: 731010 | U280: 740000 | V280: 9990000 | W280: 10
A281: اراد2204 | B281: مرابحه دولت عام220-ش.خ070303 | C281: 1 | D281: 9081000 | E281: 7506254709000 | F281: 848540 | G281: 826589 | H281: 826589 | I281: -21951 | J281: -2.59 | K281: 826589 | L281: -21951 | M281: -2.59 | N281: 826589 | O281: 826589 | R281: 0 | S281: 0 | T281: 0 | U281: 0 | V281: 0 | W281: 0
A282: همگام | B282: صندوق س. م.اوراق دولتي همگام-د | C282: 14 | D282: 811067 | E282: 9944579310 | F282: 12245 | G282: 12262 | H282: 12261 | I282: 16 | J282: 0.13 | K282: 12261 | L282: 16 | M282: 0.13 | N282: 12261 | O282: 12262 | R282: 1 | S282: 20275926 | T282: 12261 | U282: 12262 | V282: 1913177 | W282: 1
A283: كهمدا | B283: شيشه‌ همدان‌ | C283: 387 | D283: 31465809 | E283: 171488659050 | F283: 5300 | G283: 5450 | H283: 5450 | I283: 150 | J283: 2.83 | K283: 5450 | L283: 150 | M283: 2.83 | N283: 5450 | O283: 5450 | P283: 981 | Q283: 5.56 | R283: 24 | S283: 1740811 | T283: 5450 | U283: 5460 | V283: 1000 | W283: 1
A284: مهد06 | B284: اجاره مهد س.خاورميانه14060715 | C284: 0 | D284: 0 | E284: 0 | F284: 1000000 | G284: 0 | H284: 1000000 | I284: 0 | J284: 0 | K284: 1000000 | L284: 0 | M284: 0 | N284: 0 | O284: 0 | R284: 1 | S284: 5000 | T284: 997000 | U284: 1005000 | V284: 5000 | W284: 1
A285: شميم | B285: صندوق س.درآمدثابت شميم تابان-د | C285: 242 | D285: 172475483 | E285: 3238333276287 | F285: 18751 | G285: 18775 | H285: 18775 | I285: 24 | J285: 0.13 | K285: 18776 | L285: 25 | M285: 0.13 | N285: 18775 | O285: 18776 | R285: 1 | S285: 298733621 | T285: 18775 | U285: 18776 | V285: 60000000 | W285: 1
A286: بسپار06 | B286: مرابحه بسپارشيمي سپيدان061020 | C286: 0 | D286: 0 | E286: 0 | F286: 872410 | G286: 0 | H286: 872410 | I286: 0 | J286: 0 | K286: 872410 | L286: 0 | M286: 0 | N286: 0 | O286: 0 | R286: 1 | S286: 20000 | T286: 863800 | U286: 0 | V286: 0 | W286: 0
A287: عزعفران | B287: سلف موازي زعفران نگين | C287: 0 | D287: 0 | E287: 0 | F287: 2435000 | G287: 0 | H287: 2435000 | I287: 0 | J287: 0 | K287: 2435000 | L287: 0 | M287: 0 | N287: 0 | O287: 0 | R287: 1 | S287: 19892 | T287: 2435000 | U287: 2480000 | V287: 20350 | W287: 1
A288: صاميا051 | B288: صكوك مرابحه خزاميا051-3ماهه18% | C288: 0 | D288: 0 | E288: 0 | F288: 1010000 | G288: 0 | H288: 1010000 | I288: 0 | J288: 0 | K288: 1010000 | L288: 0 | M288: 0 | N288: 0 | O288: 0 | R288: 1 | S288: 10000 | T288: 1003000 | U288: 1012000 | V288: 5000 | W288: 1
A289: طبيعت062 | B289: مرابحه طبيعت سبز-كيميا060710 | C289: 0 | D289: 0 | E289: 0 | F289: 971000 | G289: 0 | H289: 971000 | I289: 0 | J289: 0 | K289: 971000 | L289: 0 | M289: 0 | N289: 0 | O289: 0 | R289: 1 | S289: 5000 | T289: 999990 | U289: 1000100 | V289: 5000 | W289: 1
A290: وليز | B290: ليزينگ ايران | C290: 532 | D290: 40507772 | E290: 124756176520 | F290: 3080 | G290: 3080 | H290: 3170 | I290: 90 | J290: 2.92 | K290: 3080 | L290: 0 | M290: 0 | N290: 2990 | O290: 3170 | P290: 458 | Q290: 6.72 | R290: 59 | S290: 16691276 | T290: 3170 | U290: 3260 | V290: 6806 | W290: 2
A291: فنورد3 | B291: نوردوقطعات‌ فولادي‌ | C291: 6 | D291: 21846 | E291: 240306000 | F291: 11230 | G291: 11000 | H291: 11000 | I291: -230 | J291: -2.05 | K291: 11000 | L291: -230 | M291: -2.05 | N291: 11000 | O291: 11000 | P291: 1550 | Q291: 7.1 | R291: 0 | S291: 0 | T291: 0 | U291: 11000 | V291: 203154 | W291: 5
A292: عغدير4 | B292: سلف آهن اسفنجي غدير | C292: 0 | D292: 0 | E292: 0 | F292: 2918730 | G292: 0 | H292: 2918730 | I292: 0 | J292: 0 | K292: 2918730 | L292: 0 | M292: 0 | N292: 0 | O292: 0 | R292: 1 | S292: 38528 | T292: 2918730 | U292: 2977105 | V292: 38528 | W292: 1
A293: دسبحان2 | B293: سبحان دارو | C293: 1 | D293: 99999999 | E293: 1444999985550 | F293: 14030 | G293: 14450 | H293: 14450 | I293: 420 | J293: 2.99 | K293: 14450 | L293: 420 | M293: 2.99 | N293: 14450 | O293: 14450 | P293: 1454 | Q293: 9.94 | R293: 0 | S293: 0 | T293: 0 | U293: 0 | V293: 0 | W293: 0
A294: قنقش | B294: قند نقش جهان | C294: 359 | D294: 36381155 | E294: 63924527884 | F294: 1738 | G294: 1770 | H294: 1790 | I294: 52 | J294: 2.99 | K294: 1757 | L294: 19 | M294: 1.09 | N294: 1686 | O294: 1790 | P294: -31 | Q294: -56.68 | R294: 4 | S294: 1962168 | T294: 1790 | U294: 1797 | V294: 496000 | W294: 1
A295: ساينا | B295: صنايع بهداشتي ساينا | C295: 1738 | D295: 47520829 | E295: 487062945360 | F295: 10520 | G295: 10330 | H295: 10340 | I295: -180 | J295: -1.71 | K295: 10250 | L295: -270 | M295: -2.57 | N295: 10210 | O295: 10810 | P295: 1820 | Q295: 5.63 | R295: 1 | S295: 13000 | T295: 10310 | U295: 10340 | V295: 250 | W295: 1
A296: صفارس730 | B296: صكوك اجاره فارس730-بدون ضامن | C296: 0 | D296: 0 | E296: 0 | F296: 931430 | G296: 0 | H296: 931430 | I296: 0 | J296: 0 | K296: 931430 | L296: 0 | M296: 0 | N296: 0 | O296: 0 | R296: 1 | S296: 20000 | T296: 931429 | U296: 940428 | V296: 20000 | W296: 1
A297: عگهر3 | B297: سلف آهن اسفنجي توسعه گل گهر | C297: 0 | D297: 0 | E297: 0 | F297: 2382330 | G297: 0 | H297: 2382330 | I297: 0 | J297: 0 | K297: 2382330 | L297: 0 | M297: 0 | N297: 0 | O297: 0 | R297: 1 | S297: 41975 | T297: 2818851 | U297: 0 | V297: 0 | W297: 0
A298: ثرود3 | B298: سرمايه‌گذاري مسكن زاينده رود | C298: 3 | D298: 2700 | E298: 14229000 | F298: 5340 | G298: 5270 | H298: 5270 | I298: -70 | J298: -1.31 | K298: 5270 | L298: -70 | M298: -1.31 | N298: 5270 | O298: 5270 | P298: 595 | Q298: 8.86 | R298: 1 | S298: 4300 | T298: 5270 | U298: 0 | V298: 0 | W298: 0
A299: لوتوس3 | B299: تامين سرمايه لوتوس پارسيان | C299: 2 | D299: 30780 | E299: 89754480 | F299: 2852 | G299: 2916 | H299: 2916 | I299: 64 | J299: 2.24 | K299: 2916 | L299: 64 | M299: 2.24 | N299: 2916 | O299: 2916 | P299: 586 | Q299: 4.98 | R299: 7 | S299: 1211104 | T299: 2916 | U299: 0 | V299: 0 | W299: 0
A300: سليم3 | B300: سرمايه گذاري سليم | C300: 5 | D300: 1188569 | E300: 1580796770 | F300: 1324 | G300: 1330 | H300: 1330 | I300: 6 | J300: 0.45 | K300: 1330 | L300: 6 | M300: 0.45 | N300: 1330 | O300: 1330 | P300: 146 | Q300: 9.11 | R300: 3 | S300: 389725 | T300: 1330 | U300: 0 | V300: 0 | W300: 0
A301: شبندر3 | B301: پالايش نفت بندرعباس | C301: 666 | D301: 24194101 | E301: 318878251180 | F301: 12970 | G301: 13180 | H301: 13180 | I301: 210 | J301: 1.62 | K301: 13180 | L301: 210 | M301: 1.62 | N301: 13180 | O301: 13180 | P301: 2555 | Q301: 5.16 | R301: 0 | S301: 0 | T301: 0 | U301: 13180 | V301: 12858393 | W301: 137
A302: ولتاژ | B302: صندوق س. بخشي صنايع گندم1-ب | C302: 130 | D302: 2035369 | E302: 36326893497 | F302: 17714 | G302: 17771 | H302: 17890 | I302: 176 | J302: 0.99 | K302: 17848 | L302: 134 | M302: 0.76 | N302: 17300 | O302: 18010 | R302: 1 | S302: 3166 | T302: 17890 | U302: 17930 | V302: 11386 | W302: 3
A303: آفرين | B303: صندوق س رشدآفرين سرمايه-مختلط | C303: 39 | D303: 222957 | E303: 4827563952 | F303: 21369 | G303: 21400 | H303: 22010 | I303: 641 | J303: 3 | K303: 21652 | L303: 283 | M303: 1.32 | N303: 21290 | O303: 22010 | R303: 1 | S303: 200000 | T303: 21055 | U303: 0 | V303: 0 | W303: 0
A304: زهلال3 | B304: كشت و صنعت هلال | C304: 27 | D304: 5785 | E304: 292431750 | F304: 49080 | G304: 50550 | H304: 50550 | I304: 1470 | J304: 3 | K304: 50550 | L304: 1470 | M304: 3 | N304: 50550 | O304: 50550 | P304: 6307 | Q304: 8.01 | R304: 13 | S304: 157747 | T304: 50550 | U304: 0 | V304: 0 | W304: 0
A305: آسا | B305: صندوق س آرمان كارآفرين-ثابت | C305: 165 | D305: 39339191 | E305: 433331819087 | F305: 11002 | G305: 11015 | H305: 11015 | I305: 13 | J305: 0.12 | K305: 11015 | L305: 13 | M305: 0.12 | N305: 11015 | O305: 11016 | R305: 3 | S305: 329587511 | T305: 11015 | U305: 11016 | V305: 27927927 | W305: 28
A306: بموتو | B306: موتوژن‌ | C306: 285 | D306: 15046470 | E306: 52811677600 | F306: 3410 | G306: 3510 | H306: 3510 | I306: 100 | J306: 2.93 | K306: 3510 | L306: 100 | M306: 2.93 | N306: 3500 | O306: 3510 | P306: 484 | Q306: 7.25 | R306: 11 | S306: 1753142 | T306: 3510 | U306: 0 | V306: 0 | W306: 0
A307: تبريز512 | B307: مشاركت ش تبريز512-3ماهه18% | C307: 0 | D307: 0 | E307: 0 | F307: 1000000 | G307: 0 | H307: 1000000 | I307: 0 | J307: 0 | K307: 1000000 | L307: 0 | M307: 0 | N307: 0 | O307: 0 | R307: 1 | S307: 6250 | T307: 990000 | U307: 0 | V307: 0 | W307: 0
A308: آلومينا | B308: آلوميناي ايران | C308: 2348 | D308: 1967489 | E308: 445332273000 | F308: 223400 | G308: 225200 | H308: 223500 | I308: 100 | J308: 0.04 | K308: 226300 | L308: 2900 | M308: 1.3 | N308: 220000 | O308: 230100 | P308: 16822 | Q308: 13.45 | R308: 1 | S308: 100 | T308: 222800 | U308: 223500 | V308: 2777 | W308: 1
A309: بالبر3 | B309: كابل‌ البرز | C309: 2 | D309: 11000 | E309: 294140000 | F309: 26150 | G309: 26740 | H309: 26740 | I309: 590 | J309: 2.26 | K309: 26740 | L309: 590 | M309: 2.26 | N309: 26740 | O309: 26740 | P309: 309 | Q309: 86.54 | R309: 0 | S309: 0 | T309: 0 | U309: 26740 | V309: 34136 | W309: 3
A310: شستا3 | B310: سرمايه گذاري تامين اجتماعي | C310: 19 | D310: 379022 | E310: 1101058910 | F310: 2885 | G310: 2905 | H310: 2905 | I310: 20 | J310: 0.69 | K310: 2905 | L310: 20 | M310: 0.69 | N310: 2905 | O310: 2905 | P310: 194 | Q310: 14.97 | R310: 64 | S310: 16373220 | T310: 2905 | U310: 0 | V310: 0 | W310: 0
A311: چدن3 | B311: توليدي چدن سازان | C311: 4 | D311: 342680 | E311: 1178819200 | F311: 3360 | G311: 3440 | H311: 3440 | I311: 80 | J311: 2.38 | K311: 3440 | L311: 80 | M311: 2.38 | N311: 3440 | O311: 3440 | P311: 544 | Q311: 6.32 | R311: 23 | S311: 5181320 | T311: 3440 | U311: 0 | V311: 0 | W311: 0
A312: آكورد | B312: صندوق س. آرمان آتي كوثر-د | C312: 1071 | D312: 86020158 | E312: 10567242358223 | F312: 122692 | G312: 122846 | H312: 122846 | I312: 154 | J312: 0.13 | K312: 122846 | L312: 154 | M312: 0.13 | N312: 122846 | O312: 122847 | R312: 7 | S312: 200494074 | T312: 122846 | U312: 122847 | V312: 3580968 | W312: 4
A313: طبيعت061 | B313: مرابحه طبيعت سبز-كاردان060710 | C313: 0 | D313: 0 | E313: 0 | F313: 857380 | G313: 0 | H313: 857380 | I313: 0 | J313: 0 | K313: 857380 | L313: 0 | M313: 0 | N313: 0 | O313: 0 | R313: 1 | S313: 5000 | T313: 831660 | U313: 0 | V313: 0 | W313: 0
A314: وآفري | B314: بيمه كارآفرين | C314: 94 | D314: 2766011 | E314: 22487669430 | F314: 7900 | G314: 8130 | H314: 8130 | I314: 230 | J314: 2.91 | K314: 8130 | L314: 230 | M314: 2.91 | N314: 8130 | O314: 8130 | P314: 1680 | Q314: 4.84 | R314: 14 | S314: 763277 | T314: 8130 | U314: 0 | V314: 0 | W314: 0
A315: اراد1724 | B315: مرابحه عام دولت172-ش.خ050623 | C315: 1 | D315: 4000000 | E315: 3986828000000 | F315: 985760 | G315: 996707 | H315: 996707 | I315: 10947 | J315: 1.11 | K315: 996707 | L315: 10947 | M315: 1.11 | N315: 996707 | O315: 996707 | R315: 0 | S315: 0 | T315: 0 | U315: 0 | V315: 0 | W315: 0
A316: پلاست | B316: كارخانجات توليدي پلاستيران | C316: 167 | D316: 15680872 | E316: 35266281128 | F316: 2184 | G316: 2249 | H316: 2249 | I316: 65 | J316: 2.98 | K316: 2249 | L316: 65 | M316: 2.98 | N316: 2249 | O316: 2249 | P316: 93 | Q316: 24.18 | R316: 165 | S316: 54873183 | T316: 2249 | U316: 2317 | V316: 2193 | W316: 1
A317: شصدف09 | B317: مرابحه صنعتي دوده فام14090216 | C317: 0 | D317: 0 | E317: 0 | F317: 1000000 | G317: 0 | H317: 1000000 | I317: 0 | J317: 0 | K317: 1000000 | L317: 0 | M317: 0 | N317: 0 | O317: 0 | R317: 1 | S317: 5000 | T317: 1000000 | U317: 1010000 | V317: 5000 | W317: 1
A318: شاملا3 | B318: معدني‌ املاح‌ ايران‌ | C318: 3 | D318: 1116 | E318: 44952480 | F318: 39120 | G318: 40280 | H318: 40280 | I318: 1160 | J318: 2.97 | K318: 40280 | L318: 1160 | M318: 2.97 | N318: 40280 | O318: 40280 | P318: 4322 | Q318: 9.32 | R318: 4 | S318: 29884 | T318: 40280 | U318: 0 | V318: 0 | W318: 0
A319: دتوزيع3 | B319: توزيع دارو پخش | C319: 2 | D319: 3100 | E319: 18972000 | F319: 6030 | G319: 6120 | H319: 6120 | I319: 90 | J319: 1.49 | K319: 6120 | L319: 90 | M319: 1.49 | N319: 6120 | O319: 6120 | P319: 739 | Q319: 8.28 | R319: 48 | S319: 11707559 | T319: 6120 | U319: 0 | V319: 0 | W319: 0
A320: غبشهر | B320: صنعتي‌ بهشهر | C320: 319 | D320: 10545317 | E320: 172943198800 | F320: 15930 | G320: 16400 | H320: 16400 | I320: 470 | J320: 2.95 | K320: 16400 | L320: 470 | M320: 2.95 | N320: 16400 | O320: 16400 | P320: 2019 | Q320: 8.12 | R320: 465 | S320: 25794954 | T320: 16400 | U320: 0 | V320: 0 | W320: 0
A321: اراد115 | B321: مرابحه عام دولت115-ش.خ060630 | C321: 12 | D321: 10800000 | E321: 9392112000000 | F321: 862000 | G321: 869640 | H321: 869640 | I321: 7640 | J321: 0.89 | K321: 869640 | L321: 7640 | M321: 0.89 | N321: 869640 | O321: 869640 | R321: 0 | S321: 0 | T321: 0 | U321: 0 | V321: 0 | W321: 0
...

Sheet انتقال دیده بان
A1: ='دیده بان بازار'!A4 | B1: ='دیده بان بازار'!B4 | C1: ='دیده بان بازار'!C4 | D1: ='دیده بان بازار'!D4 | E1: ='دیده بان بازار'!E4 | F1: ='دیده بان بازار'!F4 | G1: ='دیده بان بازار'!G4 | H1: ='دیده بان بازار'!H4 | ... W1: ='دیده بان بازار'!W4 | X1: مقایسه بهره بری | Y1: نسبت بازدهی مستقیم | Z1: اختلاف قیمت پایانی و کمترین قیمت | AA1: امتیاز کل | AB1: امتیاز موقعیت قیمت کمترین حد پایین نوسان | AC1: رتبه تجمعی حجم معاملات | AD1: امتیاز مقیاس لکاریتمی ارزش معاملات | AE1: موقعیت قیمت آخرین معامله بازه روزانه | AF1: شاخص شتاب فاصله آخرین معامه تا قیمت پایانی | AG1: امتیاز لگاریتمی بهره وری | AH1: ضریب تعدیل و جریمه ریسک افت قیمت | AI1: امتیاز کمکی اختلاف قیمت | AJ1: سیگنال نهائی خرید
A2: ='دیده بان بازار'!A5 | B2: ='دیده بان بازار'!B5 | C2: ='دیده بان بازار'!C5 | D2: ='دیده بان بازار'!D5 | E2: ='دیده بان بازار'!E5 | F2: ='دیده بان بازار'!F5 | G2: ='دیده بان بازار'!G5 | H2: ='دیده بان بازار'!H5 | ... W2: ='دیده بان بازار'!W5 | X2: =IFERROR(IF(OR(R2<=0,W2<=0,S2<=0,V2<=0),0,ROUND((S2/R2)/(V2/W2),2)),0) | Y2: =IFERROR(IF(OR(S2<=0,V2<=0),0,ROUND(S2/V2,2)),0) | Z2: =IFERROR(J2-M2,0) | AA2: =IFERROR(ROUND(MAX(0,MIN(100,((AB2*0.2)+(AC2*0.15)+(AD2*0.15)+(AE2*0.1)+(AF2*0.1)+(AG2*0.15)+(MIN(Y2/3,1)*100*0.1)+(AI2*0.05))*((AH2/100)*0.25+0.75))),0),0) | AB2: =ROUND(MAX(0,MIN(100,((M2+10)/20)*100)),0) | AC2: =IFERROR(IF(D2<=0,0,ROUND(COUNTIFS($D$4:$D$3359,"<="&D2,$D$4:$D$3359,">0")/COUNTIF($D$4:$D$3359,">0")*100,0)),0) | AD2: =IF(E2<=0,0,ROUND(MAX(0,MIN(100,(LOG10(1+E2/1000000000)/LOG10(101))*100)),0)) | AE2: =IF(O2=N2,50,ROUND(MAX(0,MIN(100,((H2-N2)/(O2-N2))*100)),0)) | AF2: =ROUND(MAX(0,MIN(100,50+((H2-K2)/K2)*1000)),0) | AG2: =IFERROR(ROUND(MAX(0,MIN(100,50+25*LN(MAX(0.01,X2)))),0),25) | AH2: =ROUND(IF(M2<=-30,0,IF(M2<=-20,20,IF(M2<=-10,50,100))),0) | AI2: =ROUND(MAX(0,MIN(100,50+(Z2*10))),0) | AJ2: =IFERROR(IF(--AA2>=80,"خرید قوی",IF(--AA2>=70,"خرید مشروط",IF(--AA2>=60,"مراقبت",IF(--AA2>=45,"ضعیف","عدم ورود")))),"")
A3: ='دیده بان بازار'!A6 | B3: ='دیده بان بازار'!B6 | C3: ='دیده بان بازار'!C6 | D3: ='دیده بان بازار'!D6 | E3: ='دیده بان بازار'!E6 | F3: ='دیده بان بازار'!F6 | G3: ='دیده بان بازار'!G6 | H3: ='دیده بان بازار'!H6 | ... W3: ='دیده بان بازار'!W6 | X3: =IFERROR(IF(OR(R3<=0,W3<=0,S3<=0,V3<=0),0,ROUND((S3/R3)/(V3/W3),2)),0) | Y3: =IFERROR(IF(OR(S3<=0,V3<=0),0,ROUND(S3/V3,2)),0) | Z3: =IFERROR(J3-M3,0) | AA3: =IFERROR(ROUND(MAX(0,MIN(100,((AB3*0.2)+(AC3*0.15)+(AD3*0.15)+(AE3*0.1)+(AF3*0.1)+(AG3*0.15)+(MIN(Y3/3,1)*100*0.1)+(AI3*0.05))*((AH3/100)*0.25+0.75))),0),0) | AB3: =ROUND(MAX(0,MIN(100,((M3+10)/20)*100)),0) | AC3: =IFERROR(IF(D3<=0,0,ROUND(COUNTIFS($D$4:$D$3359,"<="&D3,$D$4:$D$3359,">0")/COUNTIF($D$4:$D$3359,">0")*100,0)),0) | AD3: =IF(E3<=0,0,ROUND(MAX(0,MIN(100,(LOG10(1+E3/1000000000)/LOG10(101))*100)),0)) | AE3: =IF(O3=N3,50,ROUND(MAX(0,MIN(100,((H3-N3)/(O3-N3))*100)),0)) | AF3: =ROUND(MAX(0,MIN(100,50+((H3-K3)/K3)*1000)),0) | AG3: =IFERROR(ROUND(MAX(0,MIN(100,50+25*LN(MAX(0.01,X3)))),0),25) | AH3: =ROUND(IF(M3<=-30,0,IF(M3<=-20,20,IF(M3<=-10,50,100))),0) | AI3: =ROUND(MAX(0,MIN(100,50+(Z3*10))),0) | AJ3: =IFERROR(IF(--AA3>=80,"خرید قوی",IF(--AA3>=70,"خرید مشروط",IF(--AA3>=60,"مراقبت",IF(--AA3>=45,"ضعیف","عدم ورود")))),"")
A4: ='دیده بان بازار'!A7 | B4: ='دیده بان بازار'!B7 | C4: ='دیده بان بازار'!C7 | D4: ='دیده بان بازار'!D7 | E4: ='دیده بان بازار'!E7 | F4: ='دیده بان بازار'!F7 | G4: ='دیده بان بازار'!G7 | H4: ='دیده بان بازار'!H7 | ... W4: ='دیده بان بازار'!W7 | X4: =IFERROR(IF(OR(R4<=0,W4<=0,S4<=0,V4<=0),0,ROUND((S4/R4)/(V4/W4),2)),0) | Y4: =IFERROR(IF(OR(S4<=0,V4<=0),0,ROUND(S4/V4,2)),0) | Z4: =IFERROR(J4-M4,0) | AA4: =IFERROR(ROUND(MAX(0,MIN(100,((AB4*0.2)+(AC4*0.15)+(AD4*0.15)+(AE4*0.1)+(AF4*0.1)+(AG4*0.15)+(MIN(Y4/3,1)*100*0.1)+(AI4*0.05))*((AH4/100)*0.25+0.75))),0),0) | AB4: =ROUND(MAX(0,MIN(100,((M4+10)/20)*100)),0) | AC4: =IFERROR(IF(D4<=0,0,ROUND(COUNTIFS($D$4:$D$3359,"<="&D4,$D$4:$D$3359,">0")/COUNTIF($D$4:$D$3359,">0")*100,0)),0) | AD4: =IF(E4<=0,0,ROUND(MAX(0,MIN(100,(LOG10(1+E4/1000000000)/LOG10(101))*100)),0)) | AE4: =IF(O4=N4,50,ROUND(MAX(0,MIN(100,((H4-N4)/(O4-N4))*100)),0)) | AF4: =ROUND(MAX(0,MIN(100,50+((H4-K4)/K4)*1000)),0) | AG4: =IFERROR(ROUND(MAX(0,MIN(100,50+25*LN(MAX(0.01,X4)))),0),25) | AH4: =ROUND(IF(M4<=-30,0,IF(M4<=-20,20,IF(M4<=-10,50,100))),0) | AI4: =ROUND(MAX(0,MIN(100,50+(Z4*10))),0) | AJ4: =IFERROR(IF(--AA4>=80,"خرید قوی",IF(--AA4>=70,"خرید مشروط",IF(--AA4>=60,"مراقبت",IF(--AA4>=45,"ضعیف","عدم ورود")))),"")
A5: ='دیده بان بازار'!A8 | B5: ='دیده بان بازار'!B8 | C5: ='دیده بان بازار'!C8 | D5: ='دیده بان بازار'!D8 | E5: ='دیده بان بازار'!E8 | F5: ='دیده بان بازار'!F8 | G5: ='دیده بان بازار'!G8 | H5: ='دیده بان بازار'!H8 | ... W5: ='دیده بان بازار'!W8 | X5: =IFERROR(IF(OR(R5<=0,W5<=0,S5<=0,V5<=0),0,ROUND((S5/R5)/(V5/W5),2)),0) | Y5: =IFERROR(IF(OR(S5<=0,V5<=0),0,ROUND(S5/V5,2)),0) | Z5: =IFERROR(J5-M5,0) | AA5: =IFERROR(ROUND(MAX(0,MIN(100,((AB5*0.2)+(AC5*0.15)+(AD5*0.15)+(AE5*0.1)+(AF5*0.1)+(AG5*0.15)+(MIN(Y5/3,1)*100*0.1)+(AI5*0.05))*((AH5/100)*0.25+0.75))),0),0) | AB5: =ROUND(MAX(0,MIN(100,((M5+10)/20)*100)),0) | AC5: =IFERROR(IF(D5<=0,0,ROUND(COUNTIFS($D$4:$D$3359,"<="&D5,$D$4:$D$3359,">0")/COUNTIF($D$4:$D$3359,">0")*100,0)),0) | AD5: =IF(E5<=0,0,ROUND(MAX(0,MIN(100,(LOG10(1+E5/1000000000)/LOG10(101))*100)),0)) | AE5: =IF(O5=N5,50,ROUND(MAX(0,MIN(100,((H5-N5)/(O5-N5))*100)),0)) | AF5: =ROUND(MAX(0,MIN(100,50+((H5-K5)/K5)*1000)),0) | AG5: =IFERROR(ROUND(MAX(0,MIN(100,50+25*LN(MAX(0.01,X5)))),0),25) | AH5: =ROUND(IF(M5<=-30,0,IF(M5<=-20,20,IF(M5<=-10,50,100))),0) | AI5: =ROUND(MAX(0,MIN(100,50+(Z5*10))),0) | AJ5: =IFERROR(IF(--AA5>=80,"خرید قوی",IF(--AA5>=70,"خرید مشروط",IF(--AA5>=60,"مراقبت",IF(--AA5>=45,"ضعیف","عدم ورود")))),"")
A6: ='دیده بان بازار'!A9 | B6: ='دیده بان بازار'!B9 | C6: ='دیده بان بازار'!C9 | D6: ='دیده بان بازار'!D9 | E6: ='دیده بان بازار'!E9 | F6: ='دیده بان بازار'!F9 | G6: ='دیده بان بازار'!G9 | H6: ='دیده بان بازار'!H9 | ... W6: ='دیده بان بازار'!W9 | X6: =IFERROR(IF(OR(R6<=0,W6<=0,S6<=0,V6<=0),0,ROUND((S6/R6)/(V6/W6),2)),0) | Y6: =IFERROR(IF(OR(S6<=0,V6<=0),0,ROUND(S6/V6,2)),0) | Z6: =IFERROR(J6-M6,0) | AA6: =IFERROR(ROUND(MAX(0,MIN(100,((AB6*0.2)+(AC6*0.15)+(AD6*0.15)+(AE6*0.1)+(AF6*0.1)+(AG6*0.15)+(MIN(Y6/3,1)*100*0.1)+(AI6*0.05))*((AH6/100)*0.25+0.75))),0),0) | AB6: =ROUND(MAX(0,MIN(100,((M6+10)/20)*100)),0) | AC6: =IFERROR(IF(D6<=0,0,ROUND(COUNTIFS($D$4:$D$3359,"<="&D6,$D$4:$D$3359,">0")/COUNTIF($D$4:$D$3359,">0")*100,0)),0) | AD6: =IF(E6<=0,0,ROUND(MAX(0,MIN(100,(LOG10(1+E6/1000000000)/LOG10(101))*100)),0)) | AE6: =IF(O6=N6,50,ROUND(MAX(0,MIN(100,((H6-N6)/(O6-N6))*100)),0)) | AF6: =ROUND(MAX(0,MIN(100,50+((H6-K6)/K6)*1000)),0) | AG6: =IFERROR(ROUND(MAX(0,MIN(100,50+25*LN(MAX(0.01,X6)))),0),25) | AH6: =ROUND(IF(M6<=-30,0,IF(M6<=-20,20,IF(M6<=-10,50,100))),0) | AI6: =ROUND(MAX(0,MIN(100,50+(Z6*10))),0) | AJ6: =IFERROR(IF(--AA6>=80,"خرید قوی",IF(--AA6>=70,"خرید مشروط",IF(--AA6>=60,"مراقبت",IF(--AA6>=45,"ضعیف","عدم ورود")))),"")
A7: ='دیده بان بازار'!A10 | B7: ='دیده بان بازار'!B10 | C7: ='دیده بان بازار'!C10 | D7: ='دیده بان بازار'!D10 | E7: ='دیده بان بازار'!E10 | F7: ='دیده بان بازار'!F10 | G7: ='دیده بان بازار'!G10 | H7: ='دیده بان بازار'!H10 | ... W7: ='دیده بان بازار'!W10 | X7: =IFERROR(IF(OR(R7<=0,W7<=0,S7<=0,V7<=0),0,ROUND((S7/R7)/(V7/W7),2)),0) | Y7: =IFERROR(IF(OR(S7<=0,V7<=0),0,ROUND(S7/V7,2)),0) | Z7: =IFERROR(J7-M7,0) | AA7: =IFERROR(ROUND(MAX(0,MIN(100,((AB7*0.2)+(AC7*0.15)+(AD7*0.15)+(AE7*0.1)+(AF7*0.1)+(AG7*0.15)+(MIN(Y7/3,1)*100*0.1)+(AI7*0.05))*((AH7/100)*0.25+0.75))),0),0) | AB7: =ROUND(MAX(0,MIN(100,((M7+10)/20)*100)),0) | AC7: =IFERROR(IF(D7<=0,0,ROUND(COUNTIFS($D$4:$D$3359,"<="&D7,$D$4:$D$3359,">0")/COUNTIF($D$4:$D$3359,">0")*100,0)),0) | AD7: =IF(E7<=0,0,ROUND(MAX(0,MIN(100,(LOG10(1+E7/1000000000)/LOG10(101))*100)),0)) | AE7: =IF(O7=N7,50,ROUND(MAX(0,MIN(100,((H7-N7)/(O7-N7))*100)),0)) | AF7: =ROUND(MAX(0,MIN(100,50+((H7-K7)/K7)*1000)),0) | AG7: =IFERROR(ROUND(MAX(0,MIN(100,50+25*LN(MAX(0.01,X7)))),0),25) | AH7: =ROUND(IF(M7<=-30,0,IF(M7<=-20,20,IF(M7<=-10,50,100))),0) | AI7: =ROUND(MAX(0,MIN(100,50+(Z7*10))),0) | AJ7: =IFERROR(IF(--AA7>=80,"خرید قوی",IF(--AA7>=70,"خرید مشروط",IF(--AA7>=60,"مراقبت",IF(--AA7>=45,"ضعیف","عدم ورود")))),"")
A8: ='دیده بان بازار'!A11 | B8: ='دیده بان بازار'!B11 | C8: ='دیده بان بازار'!C11 | D8: ='دیده بان بازار'!D11 | E8: ='دیده بان بازار'!E11 | F8: ='دیده بان بازار'!F11 | G8: ='دیده بان بازار'!G11 | H8: ='دیده بان بازار'!H11 | ... W8: ='دیده بان بازار'!W11 | X8: =IFERROR(IF(OR(R8<=0,W8<=0,S8<=0,V8<=0),0,ROUND((S8/R8)/(V8/W8),2)),0) | Y8: =IFERROR(IF(OR(S8<=0,V8<=0),0,ROUND(S8/V8,2)),0) | Z8: =IFERROR(J8-M8,0) | AA8: =IFERROR(ROUND(MAX(0,MIN(100,((AB8*0.2)+(AC8*0.15)+(AD8*0.15)+(AE8*0.1)+(AF8*0.1)+(AG8*0.15)+(MIN(Y8/3,1)*100*0.1)+(AI8*0.05))*((AH8/100)*0.25+0.75))),0),0) | AB8: =ROUND(MAX(0,MIN(100,((M8+10)/20)*100)),0) | AC8: =IFERROR(IF(D8<=0,0,ROUND(COUNTIFS($D$4:$D$3359,"<="&D8,$D$4:$D$3359,">0")/COUNTIF($D$4:$D$3359,">0")*100,0)),0) | AD8: =IF(E8<=0,0,ROUND(MAX(0,MIN(100,(LOG10(1+E8/1000000000)/LOG10(101))*100)),0)) | AE8: =IF(O8=N8,50,ROUND(MAX(0,MIN(100,((H8-N8)/(O8-N8))*100)),0)) | AF8: =ROUND(MAX(0,MIN(100,50+((H8-K8)/K8)*1000)),0) | AG8: =IFERROR(ROUND(MAX(0,MIN(100,50+25*LN(MAX(0.01,X8)))),0),25) | AH8: =ROUND(IF(M8<=-30,0,IF(M8<=-20,20,IF(M8<=-10,50,100))),0) | AI8: =ROUND(MAX(0,MIN(100,50+(Z8*10))),0) | AJ8: =IFERROR(IF(--AA8>=80,"خرید قوی",IF(--AA8>=70,"خرید مشروط",IF(--AA8>=60,"مراقبت",IF(--AA8>=45,"ضعیف","عدم ورود")))),"")
A9: ='دیده بان بازار'!A12 | B9: ='دیده بان بازار'!B12 | C9: ='دیده بان بازار'!C12 | D9: ='دیده بان بازار'!D12 | E9: ='دیده بان بازار'!E12 | F9: ='دیده بان بازار'!F12 | G9: ='دیده بان بازار'!G12 | H9: ='دیده بان بازار'!H12 | ... W9: ='دیده بان بازار'!W12 | X9: =IFERROR(IF(OR(R9<=0,W9<=0,S9<=0,V9<=0),0,ROUND((S9/R9)/(V9/W9),2)),0) | Y9: =IFERROR(IF(OR(S9<=0,V9<=0),0,ROUND(S9/V9,2)),0) | Z9: =IFERROR(J9-M9,0) | AA9: =IFERROR(ROUND(MAX(0,MIN(100,((AB9*0.2)+(AC9*0.15)+(AD9*0.15)+(AE9*0.1)+(AF9*0.1)+(AG9*0.15)+(MIN(Y9/3,1)*100*0.1)+(AI9*0.05))*((AH9/100)*0.25+0.75))),0),0) | AB9: =ROUND(MAX(0,MIN(100,((M9+10)/20)*100)),0) | AC9: =IFERROR(IF(D9<=0,0,ROUND(COUNTIFS($D$4:$D$3359,"<="&D9,$D$4:$D$3359,">0")/COUNTIF($D$4:$D$3359,">0")*100,0)),0) | AD9: =IF(E9<=0,0,ROUND(MAX(0,MIN(100,(LOG10(1+E9/1000000000)/LOG10(101))*100)),0)) | AE9: =IF(O9=N9,50,ROUND(MAX(0,MIN(100,((H9-N9)/(O9-N9))*100)),0)) | AF9: =ROUND(MAX(0,MIN(100,50+((H9-K9)/K9)*1000)),0) | AG9: =IFERROR(ROUND(MAX(0,MIN(100,50+25*LN(MAX(0.01,X9)))),0),25) | AH9: =ROUND(IF(M9<=-30,0,IF(M9<=-20,20,IF(M9<=-10,50,100))),0) | AI9: =ROUND(MAX(0,MIN(100,50+(Z9*10))),0) | AJ9: =IFERROR(IF(--AA9>=80,"خرید قوی",IF(--AA9>=70,"خرید مشروط",IF(--AA9>=60,"مراقبت",IF(--AA9>=45,"ضعیف","عدم ورود")))),"")
A10: ='دیده بان بازار'!A13 | B10: ='دیده بان بازار'!B13 | C10: ='دیده بان بازار'!C13 | D10: ='دیده بان بازار'!D13 | E10: ='دیده بان بازار'!E13 | F10: ='دیده بان بازار'!F13 | G10: ='دیده بان بازار'!G13 | H10: ='دیده بان بازار'!H13 | ... W10: ='دیده بان بازار'!W13 | X10: =IFERROR(IF(OR(R10<=0,W10<=0,S10<=0,V10<=0),0,ROUND((S10/R10)/(V10/W10),2)),0) | Y10: =IFERROR(IF(OR(S10<=0,V10<=0),0,ROUND(S10/V10,2)),0) | Z10: =IFERROR(J10-M10,0) | AA10: =IFERROR(ROUND(MAX(0,MIN(100,((AB10*0.2)+(AC10*0.15)+(AD10*0.15)+(AE10*0.1)+(AF10*0.1)+(AG10*0.15)+(MIN(Y10/3,1)*100*0.1)+(AI10*0.05))*((AH10/100)*0.25+0.75))),0),0) | AB10: =ROUND(MAX(0,MIN(100,((M10+10)/20)*100)),0) | AC10: =IFERROR(IF(D10<=0,0,ROUND(COUNTIFS($D$4:$D$3359,"<="&D10,$D$4:$D$3359,">0")/COUNTIF($D$4:$D$3359,">0")*100,0)),0) | AD10: =IF(E10<=0,0,ROUND(MAX(0,MIN(100,(LOG10(1+E10/1000000000)/LOG10(101))*100)),0)) | AE10: =IF(O10=N10,50,ROUND(MAX(0,MIN(100,((H10-N10)/(O10-N10))*100)),0)) | AF10: =ROUND(MAX(0,MIN(100,50+((H10-K10)/K10)*1000)),0) | AG10: =IFERROR(ROUND(MAX(0,MIN(100,50+25*LN(MAX(0.01,X10)))),0),25) | AH10: =ROUND(IF(M10<=-30,0,IF(M10<=-20,20,IF(M10<=-10,50,100))),0) | AI10: =ROUND(MAX(0,MIN(100,50+(Z10*10))),0) | AJ10: =IFERROR(IF(--AA10>=80,"خرید قوی",IF(--AA10>=70,"خرید مشروط",IF(--AA10>=60,"مراقبت",IF(--AA10>=45,"ضعیف","عدم ورود")))),"")
A11: ='دیده بان بازار'!A14 | B11: ='دیده بان بازار'!B14 | C11: ='دیده بان بازار'!C14 | D11: ='دیده بان بازار'!D14 | E11: ='دیده بان بازار'!E14 | F11: ='دیده بان بازار'!F14 | G11: ='دیده بان بازار'!G14 | H11: ='دیده بان بازار'!H14 | ... W11: ='دیده بان بازار'!W14 | X11: =IFERROR(IF(OR(R11<=0,W11<=0,S11<=0,V11<=0),0,ROUND((S11/R11)/(V11/W11),2)),0) | Y11: =IFERROR(IF(OR(S11<=0,V11<=0),0,ROUND(S11/V11,2)),0) | Z11: =IFERROR(J11-M11,0) | AA11: =IFERROR(ROUND(MAX(0,MIN(100,((AB11*0.2)+(AC11*0.15)+(AD11*0.15)+(AE11*0.1)+(AF11*0.1)+(AG11*0.15)+(MIN(Y11/3,1)*100*0.1)+(AI11*0.05))*((AH11/100)*0.25+0.75))),0),0) | AB11: =ROUND(MAX(0,MIN(100,((M11+10)/20)*100)),0) | AC11: =IFERROR(IF(D11<=0,0,ROUND(COUNTIFS($D$4:$D$3359,"<="&D11,$D$4:$D$3359,">0")/COUNTIF($D$4:$D$3359,">0")*100,0)),0) | AD11: =IF(E11<=0,0,ROUND(MAX(0,MIN(100,(LOG10(1+E11/1000000000)/LOG10(101))*100)),0)) | AE11: =IF(O11=N11,50,ROUND(MAX(0,MIN(100,((H11-N11)/(O11-N11))*100)),0)) | AF11: =ROUND(MAX(0,MIN(100,50+((H11-K11)/K11)*1000)),0) | AG11: =IFERROR(ROUND(MAX(0,MIN(100,50+25*LN(MAX(0.01,X11)))),0),25) | AH11: =ROUND(IF(M11<=-30,0,IF(M11<=-20,20,IF(M11<=-10,50,100))),0) | AI11: =ROUND(MAX(0,MIN(100,50+(Z11*10))),0) | AJ11: =IFERROR(IF(--AA11>=80,"خرید قوی",IF(--AA11>=70,"خرید مشروط",IF(--AA11>=60,"مراقبت",IF(--AA11>=45,"ضعیف","عدم ورود")))),"")
A12: ='دیده بان بازار'!A15 | B12: ='دیده بان بازار'!B15 | C12: ='دیده بان بازار'!C15 | D12: ='دیده بان بازار'!D15 | E12: ='دیده بان بازار'!E15 | F12: ='دیده بان بازار'!F15 | G12: ='دیده بان بازار'!G15 | H12: ='دیده بان بازار'!H15 | ... W12: ='دیده بان بازار'!W15 | X12: =IFERROR(IF(OR(R12<=0,W12<=0,S12<=0,V12<=0),0,ROUND((S12/R12)/(V12/W12),2)),0) | Y12: =IFERROR(IF(OR(S12<=0,V12<=0),0,ROUND(S12/V12,2)),0) | Z12: =IFERROR(J12-M12,0) | AA12: =IFERROR(ROUND(MAX(0,MIN(100,((AB12*0.2)+(AC12*0.15)+(AD12*0.15)+(AE12*0.1)+(AF12*0.1)+(AG12*0.15)+(MIN(Y12/3,1)*100*0.1)+(AI12*0.05))*((AH12/100)*0.25+0.75))),0),0) | AB12: =ROUND(MAX(0,MIN(100,((M12+10)/20)*100)),0) | AC12: =IFERROR(IF(D12<=0,0,ROUND(COUNTIFS($D$4:$D$3359,"<="&D12,$D$4:$D$3359,">0")/COUNTIF($D$4:$D$3359,">0")*100,0)),0) | AD12: =IF(E12<=0,0,ROUND(MAX(0,MIN(100,(LOG10(1+E12/1000000000)/LOG10(101))*100)),0)) | AE12: =IF(O12=N12,50,ROUND(MAX(0,MIN(100,((H12-N12)/(O12-N12))*100)),0)) | AF12: =ROUND(MAX(0,MIN(100,50+((H12-K12)/K12)*1000)),0) | AG12: =IFERROR(ROUND(MAX(0,MIN(100,50+25*LN(MAX(0.01,X12)))),0),25) | AH12: =ROUND(IF(M12<=-30,0,IF(M12<=-20,20,IF(M12<=-10,50,100))),0) | AI12: =ROUND(MAX(0,MIN(100,50+(Z12*10))),0) | AJ12: =IFERROR(IF(--AA12>=80,"خرید قوی",IF(--AA12>=70,"خرید مشروط",IF(--AA12>=60,"مراقبت",IF(--AA12>=45,"ضعیف","عدم ورود")))),"")
A13: ='دیده بان بازار'!A16 | B13: ='دیده بان بازار'!B16 | C13: ='دیده بان بازار'!C16 | D13: ='دیده بان بازار'!D16 | E13: ='دیده بان بازار'!E16 | F13: ='دیده بان بازار'!F16 | G13: ='دیده بان بازار'!G16 | H13: ='دیده بان بازار'!H16 | ... W13: ='دیده بان بازار'!W16 | X13: =IFERROR(IF(OR(R13<=0,W13<=0,S13<=0,V13<=0),0,ROUND((S13/R13)/(V13/W13),2)),0) | Y13: =IFERROR(IF(OR(S13<=0,V13<=0),0,ROUND(S13/V13,2)),0) | Z13: =IFERROR(J13-M13,0) | AA13: =IFERROR(ROUND(MAX(0,MIN(100,((AB13*0.2)+(AC13*0.15)+(AD13*0.15)+(AE13*0.1)+(AF13*0.1)+(AG13*0.15)+(MIN(Y13/3,1)*100*0.1)+(AI13*0.05))*((AH13/100)*0.25+0.75))),0),0) | AB13: =ROUND(MAX(0,MIN(100,((M13+10)/20)*100)),0) | AC13: =IFERROR(IF(D13<=0,0,ROUND(COUNTIFS($D$4:$D$3359,"<="&D13,$D$4:$D$3359,">0")/COUNTIF($D$4:$D$3359,">0")*100,0)),0) | AD13: =IF(E13<=0,0,ROUND(MAX(0,MIN(100,(LOG10(1+E13/1000000000)/LOG10(101))*100)),0)) | AE13: =IF(O13=N13,50,ROUND(MAX(0,MIN(100,((H13-N13)/(O13-N13))*100)),0)) | AF13: =ROUND(MAX(0,MIN(100,50+((H13-K13)/K13)*1000)),0) | AG13: =IFERROR(ROUND(MAX(0,MIN(100,50+25*LN(MAX(0.01,X13)))),0),25) | AH13: =ROUND(IF(M13<=-30,0,IF(M13<=-20,20,IF(M13<=-10,50,100))),0) | AI13: =ROUND(MAX(0,MIN(100,50+(Z13*10))),0) | AJ13: =IFERROR(IF(--AA13>=80,"خرید قوی",IF(--AA13>=70,"خرید مشروط",IF(--AA13>=60,"مراقبت",IF(--AA13>=45,"ضعیف","عدم ورود")))),"")
... A3356: ='دیده بان بازار'!A3359 | B3356: ='دیده بان بازار'!B3359 | C3356: ='دیده بان بازار'!C3359 | D3356: ='دیده بان بازار'!D3359 | E3356: ='دیده بان بازار'!E3359 | F3356: ='دیده بان بازار'!F3359 | G3356: ='دیده بان بازار'!G3359 | H3356: ='دیده بان بازار'!H3359 | ... W3356: ='دیده بان بازار'!W3359 | X3356: =IFERROR(IF(OR(R3356<=0,W3356<=0,S3356<=0,V3356<=0),0,ROUND((S3356/R3356)/(V3356/W3356),2)),0) | Y3356: =IFERROR(IF(OR(S3356<=0,V3356<=0),0,ROUND(S3356/V3356,2)),0) | Z3356: =IFERROR(J3356-M3356,0) | AA3356: =IFERROR(ROUND(MAX(0,MIN(100,((AB3356*0.2)+(AC3356*0.15)+(AD3356*0.15)+(AE3356*0.1)+(AF3356*0.1)+(AG3356*0.15)+(MIN(Y3356/3,1)*100*0.1)+(AI3356*0.05))*((AH3356/100)*0.25+0.75))),0),0) | AB3356: =ROUND(MAX(0,MIN(100,((M3356+10)/20)*100)),0) | AC3356: =IFERROR(IF(D3356<=0,0,ROUND(COUNTIFS($D$4:$D$3359,"<="&D3356,$D$4:$D$3359,">0")/COUNTIF($D$4:$D$3359,">0")*100,0)),0) | AD3356: =IF(E3356<=0,0,ROUND(MAX(0,MIN(100,(LOG10(1+E3356/1000000000)/LOG10(101))*100)),0)) | AE3356: =IF(O3356=N3356,50,ROUND(MAX(0,MIN(100,((H3356-N3356)/(O3356-N3356))*100)),0)) | AF3356: =ROUND(MAX(0,MIN(100,50+((H3356-K3356)/K3356)*1000)),0) | AG3356: =IFERROR(ROUND(MAX(0,MIN(100,50+25*LN(MAX(0.01,X3356)))),0),25) | AH3356: =ROUND(IF(M3356<=-30,0,IF(M3356<=-20,20,IF(M3356<=-10,50,100))),0) | AI3356: =ROUND(MAX(0,MIN(100,50+(Z3356*10))),0) | AJ3356: =IFERROR(IF(--AA3356>=80,"خرید قوی",IF(--AA3356>=70,"خرید مشروط",IF(--AA3356>=60,"مراقبت",IF(--AA3356>=45,"ضعیف","عدم ورود")))),"")
A3357: ='دیده بان بازار'!A3360 | B3357: ='دیده بان بازار'!B3360 | C3357: ='دیده بان بازار'!C3360 | D3357: ='دیده بان بازار'!D3360 | E3357: ='دیده بان بازار'!E3360 | F3357: ='دیده بان بازار'!F3360 | G3357: ='دیده بان بازار'!G3360 | H3357: ='دیده بان بازار'!H3360 | ... W3357: ='دیده بان بازار'!W3360
A3358: ='دیده بان بازار'!A3361 | B3358: ='دیده بان بازار'!B3361 | C3358: ='دیده بان بازار'!C3361 | D3358: ='دیده بان بازار'!D3361 | E3358: ='دیده بان بازار'!E3361 | F3358: ='دیده بان بازار'!F3361 | G3358: ='دیده بان بازار'!G3361 | H3358: ='دیده بان بازار'!H3361 | ... W3358: ='دیده بان بازار'!W3361
A3359: ='دیده بان بازار'!A3362 | B3359: ='دیده بان بازار'!B3362 | C3359: ='دیده بان بازار'!C3362 | D3359: ='دیده بان بازار'!D3362 | E3359: ='دیده بان بازار'!E3362 | F3359: ='دیده بان بازار'!F3362 | G3359: ='دیده بان بازار'!G3362 | H3359: ='دیده بان بازار'!H3362 | ... W3359: ='دیده بان بازار'!W3362
A3360: ='دیده بان بازار'!A3363 | B3360: ='دیده بان بازار'!B3363 | C3360: ='دیده بان بازار'!C3363 | D3360: ='دیده بان بازار'!D3363 | E3360: ='دیده بان بازار'!E3363 | F3360: ='دیده بان بازار'!F3363 | G3360: ='دیده بان بازار'!G3363 | H3360: ='دیده بان بازار'!H3363 | ... W3360: ='دیده بان بازار'!W3363
A3361: ='دیده بان بازار'!A3364 | B3361: ='دیده بان بازار'!B3364 | C3361: ='دیده بان بازار'!C3364 | D3361: ='دیده بان بازار'!D3364 | E3361: ='دیده بان بازار'!E3364 | F3361: ='دیده بان بازار'!F3364 | G3361: ='دیده بان بازار'!G3364 | H3361: ='دیده بان بازار'!H3364 | ... W3361: ='دیده بان بازار'!W3364
A3362: ='دیده بان بازار'!A3365 | B3362: ='دیده بان بازار'!B3365 | C3362: ='دیده بان بازار'!C3365 | D3362: ='دیده بان بازار'!D3365 | E3362: ='دیده بان بازار'!E3365 | F3362: ='دیده بان بازار'!F3365 | G3362: ='دیده بان بازار'!G3365 | H3362: ='دیده بان بازار'!H3365 | ... W3362: ='دیده بان بازار'!W3365
A3363: ='دیده بان بازار'!A3366 | B3363: ='دیده بان بازار'!B3366 | C3363: ='دیده بان بازار'!C3366 | D3363: ='دیده بان بازار'!D3366 | E3363: ='دیده بان بازار'!E3366 | F3363: ='دیده بان بازار'!F3366 | G3363: ='دیده بان بازار'!G3366 | H3363: ='دیده بان بازار'!H3366 | ... W3363: ='دیده بان بازار'!W3366
A3364: ='دیده بان بازار'!A3367 | B3364: ='دیده بان بازار'!B3367 | C3364: ='دیده بان بازار'!C3367 | D3364: ='دیده بان بازار'!D3367 | E3364: ='دیده بان بازار'!E3367 | F3364: ='دیده بان بازار'!F3367 | G3364: ='دیده بان بازار'!G3367 | H3364: ='دیده بان بازار'!H3367 | ... W3364: ='دیده بان بازار'!W3367
A3365: ='دیده بان بازار'!A3368 | B3365: ='دیده بان بازار'!B3368 | C3365: ='دیده بان بازار'!C3368 | D3365: ='دیده بان بازار'!D3368 | E3365: ='دیده بان بازار'!E3368 | F3365: ='دیده بان بازار'!F3368 | G3365: ='دیده بان بازار'!G3368 | H3365: ='دیده بان بازار'!H3368 | ... W3365: ='دیده بان بازار'!W3368
A3366: ='دیده بان بازار'!A3369 | B3366: ='دیده بان بازار'!B3369 | C3366: ='دیده بان بازار'!C3369 | D3366: ='دیده بان بازار'!D3369 | E3366: ='دیده بان بازار'!E3369 | F3366: ='دیده بان بازار'!F3369 | G3366: ='دیده بان بازار'!G3369 | H3366: ='دیده بان بازار'!H3369 | ... W3366: ='دیده بان بازار'!W3369
A3367: ='دیده بان بازار'!A3370 | B3367: ='دیده بان بازار'!B3370 | C3367: ='دیده بان بازار'!C3370 | D3367: ='دیده بان بازار'!D3370 | E3367: ='دیده بان بازار'!E3370 | F3367: ='دیده بان بازار'!F3370 | G3367: ='دیده بان بازار'!G3370 | H3367: ='دیده بان بازار'!H3370 | ... W3367: ='دیده بان بازار'!W3370
A3368: ='دیده بان بازار'!A3371 | B3368: ='دیده بان بازار'!B3371 | C3368: ='دیده بان بازار'!C3371 | D3368: ='دیده بان بازار'!D3371 | E3368: ='دیده بان بازار'!E3371 | F3368: ='دیده بان بازار'!F3371 | G3368: ='دیده بان بازار'!G3371 | H3368: ='دیده بان بازار'!H3371 | ... W3368: ='دیده بان بازار'!W3371
... A3382: ='دیده بان بازار'!A3385 | B3382: ='دیده بان بازار'!B3385 | C3382: ='دیده بان بازار'!C3385 | D3382: ='دیده بان بازار'!D3385 | E3382: ='دیده بان بازار'!E3385 | F3382: ='دیده بان بازار'!F3385 | G3382: ='دیده بان بازار'!G3385 | H3382: ='دیده بان بازار'!H3385 | ... W3382: ='دیده بان بازار'!W3385
A3383: ='دیده بان بازار'!#REF! | B3383: ='دیده بان بازار'!#REF! | C3383: ='دیده بان بازار'!#REF! | D3383: ='دیده بان بازار'!#REF! | E3383: ='دیده بان بازار'!#REF! | F3383: ='دیده بان بازار'!#REF! | G3383: ='دیده بان بازار'!#REF! | H3383: ='دیده بان بازار'!#REF! | ... W3383: ='دیده بان بازار'!#REF!
A3384: ='دیده بان بازار'!#REF! | B3384: ='دیده بان بازار'!#REF! | C3384: ='دیده بان بازار'!#REF! | D3384: ='دیده بان بازار'!#REF! | E3384: ='دیده بان بازار'!#REF! | F3384: ='دیده بان بازار'!#REF! | G3384: ='دیده بان بازار'!#REF! | H3384: ='دیده بان بازار'!#REF! | ... W3384: ='دیده بان بازار'!#REF!
A3385: ='دیده بان بازار'!#REF! | B3385: ='دیده بان بازار'!#REF! | C3385: ='دیده بان بازار'!#REF! | D3385: ='دیده بان بازار'!#REF! | E3385: ='دیده بان بازار'!#REF! | F3385: ='دیده بان بازار'!#REF! | G3385: ='دیده بان بازار'!#REF! | H3385: ='دیده بان بازار'!#REF! | ... W3385: ='دیده بان بازار'!#REF!
A3386: ='دیده بان بازار'!#REF! | B3386: ='دیده بان بازار'!#REF! | C3386: ='دیده بان بازار'!#REF! | D3386: ='دیده بان بازار'!#REF! | E3386: ='دیده بان بازار'!#REF! | F3386: ='دیده بان بازار'!#REF! | G3386: ='دیده بان بازار'!#REF! | H3386: ='دیده بان بازار'!#REF! | ... W3386: ='دیده بان بازار'!#REF!
A3387: ='دیده بان بازار'!#REF! | B3387: ='دیده بان بازار'!#REF! | C3387: ='دیده بان بازار'!#REF! | D3387: ='دیده بان بازار'!#REF! | E3387: ='دیده بان بازار'!#REF! | F3387: ='دیده بان بازار'!#REF! | G3387: ='دیده بان بازار'!#REF! | H3387: ='دیده بان بازار'!#REF! | ... W3387: ='دیده بان بازار'!#REF!
A3388: ='دیده بان بازار'!#REF! | B3388: ='دیده بان بازار'!#REF! | C3388: ='دیده بان بازار'!#REF! | D3388: ='دیده بان بازار'!#REF! | E3388: ='دیده بان بازار'!#REF! | F3388: ='دیده بان بازار'!#REF! | G3388: ='دیده بان بازار'!#REF! | H3388: ='دیده بان بازار'!#REF! | ... W3388: ='دیده بان بازار'!#REF!
A3389: ='دیده بان بازار'!#REF! | B3389: ='دیده بان بازار'!#REF! | C3389: ='دیده بان بازار'!#REF! | D3389: ='دیده بان بازار'!#REF! | E3389: ='دیده بان بازار'!#REF! | F3389: ='دیده بان بازار'!#REF! | G3389: ='دیده بان بازار'!#REF! | H3389: ='دیده بان بازار'!#REF! | ... W3389: ='دیده بان بازار'!#REF!
A3390: ='دیده بان بازار'!#REF! | B3390: ='دیده بان بازار'!#REF! | C3390: ='دیده بان بازار'!#REF! | D3390: ='دیده بان بازار'!#REF! | E3390: ='دیده بان بازار'!#REF! | F3390: ='دیده بان بازار'!#REF! | G3390: ='دیده بان بازار'!#REF! | H3390: ='دیده بان بازار'!#REF! | ... W3390: ='دیده بان بازار'!#REF!
A3391: ='دیده بان بازار'!#REF! | B3391: ='دیده بان بازار'!#REF! | C3391: ='دیده بان بازار'!#REF! | D3391: ='دیده بان بازار'!#REF! | E3391: ='دیده بان بازار'!#REF! | F3391: ='دیده بان بازار'!#REF! | G3391: ='دیده بان بازار'!#REF! | H3391: ='دیده بان بازار'!#REF! | ... W3391: ='دیده بان بازار'!#REF!
A3392: ='دیده بان بازار'!#REF! | B3392: ='دیده بان بازار'!#REF! | C3392: ='دیده بان بازار'!#REF! | D3392: ='دیده بان بازار'!#REF! | E3392: ='دیده بان بازار'!#REF! | F3392: ='دیده بان بازار'!#REF! | G3392: ='دیده بان بازار'!#REF! | H3392: ='دیده بان بازار'!#REF! | ... W3392: ='دیده بان بازار'!#REF!
A3393: ='دیده بان بازار'!#REF! | B3393: ='دیده بان بازار'!#REF! | C3393: ='دیده بان بازار'!#REF! | D3393: ='دیده بان بازار'!#REF! | E3393: ='دیده بان بازار'!#REF! | F3393: ='دیده بان بازار'!#REF! | G3393: ='دیده بان بازار'!#REF! | H3393: ='دیده بان بازار'!#REF! | ... W3393: ='دیده بان بازار'!#REF!
A3394: ='دیده بان بازار'!#REF! | B3394: ='دیده بان بازار'!#REF! | C3394: ='دیده بان بازار'!#REF! | D3394: ='دیده بان بازار'!#REF! | E3394: ='دیده بان بازار'!#REF! | F3394: ='دیده بان بازار'!#REF! | G3394: ='دیده بان بازار'!#REF! | H3394: ='دیده بان بازار'!#REF! | ... W3394: ='دیده بان بازار'!#REF!
... A3408: ='دیده بان بازار'!#REF! | B3408: ='دیده بان بازار'!#REF! | C3408: ='دیده بان بازار'!#REF! | D3408: ='دیده بان بازار'!#REF! | E3408: ='دیده بان بازار'!#REF! | F3408: ='دیده بان بازار'!#REF! | G3408: ='دیده بان بازار'!#REF! | H3408: ='دیده بان بازار'!#REF! | ... W3408: ='دیده بان بازار'!#REF!
A3409: ='دیده بان بازار'!A3387 | B3409: ='دیده بان بازار'!B3387 | C3409: ='دیده بان بازار'!C3387 | D3409: ='دیده بان بازار'!D3387 | E3409: ='دیده بان بازار'!E3387 | F3409: ='دیده بان بازار'!F3387 | G3409: ='دیده بان بازار'!G3387 | H3409: ='دیده بان بازار'!H3387 | ... W3409: ='دیده بان بازار'!W3387
A3410: ='دیده بان بازار'!A3388 | B3410: ='دیده بان بازار'!B3388 | C3410: ='دیده بان بازار'!C3388 | D3410: ='دیده بان بازار'!D3388 | E3410: ='دیده بان بازار'!E3388 | F3410: ='دیده بان بازار'!F3388 | G3410: ='دیده بان بازار'!G3388 | H3410: ='دیده بان بازار'!H3388 | ... W3410: ='دیده بان بازار'!W3388
A3411: ='دیده بان بازار'!A3389 | B3411: ='دیده بان بازار'!B3389 | C3411: ='دیده بان بازار'!C3389 | D3411: ='دیده بان بازار'!D3389 | E3411: ='دیده بان بازار'!E3389 | F3411: ='دیده بان بازار'!F3389 | G3411: ='دیده بان بازار'!G3389 | H3411: ='دیده بان بازار'!H3389 | ... W3411: ='دیده بان بازار'!W3389
A3412: ='دیده بان بازار'!A3390 | B3412: ='دیده بان بازار'!B3390 | C3412: ='دیده بان بازار'!C3390 | D3412: ='دیده بان بازار'!D3390 | E3412: ='دیده بان بازار'!E3390 | F3412: ='دیده بان بازار'!F3390 | G3412: ='دیده بان بازار'!G3390 | H3412: ='دیده بان بازار'!H3390 | ... W3412: ='دیده بان بازار'!W3390
A3413: ='دیده بان بازار'!A3391 | B3413: ='دیده بان بازار'!B3391 | C3413: ='دیده بان بازار'!C3391 | D3413: ='دیده بان بازار'!D3391 | E3413: ='دیده بان بازار'!E3391 | F3413: ='دیده بان بازار'!F3391 | G3413: ='دیده بان بازار'!G3391 | H3413: ='دیده بان بازار'!H3391 | ... W3413: ='دیده بان بازار'!W3391
A3414: ='دیده بان بازار'!A3392 | B3414: ='دیده بان بازار'!B3392 | C3414: ='دیده بان بازار'!C3392 | D3414: ='دیده بان بازار'!D3392 | E3414: ='دیده بان بازار'!E3392 | F3414: ='دیده بان بازار'!F3392 | G3414: ='دیده بان بازار'!G3392 | H3414: ='دیده بان بازار'!H3392 | ... W3414: ='دیده بان بازار'!W3392
A3415: ='دیده بان بازار'!A3393 | B3415: ='دیده بان بازار'!B3393 | C3415: ='دیده بان بازار'!C3393 | D3415: ='دیده بان بازار'!D3393 | E3415: ='دیده بان بازار'!E3393 | F3415: ='دیده بان بازار'!F3393 | G3415: ='دیده بان بازار'!G3393 | H3415: ='دیده بان بازار'!H3393 | ... W3415: ='دیده بان بازار'!W3393
A3416: ='دیده بان بازار'!A3394 | B3416: ='دیده بان بازار'!B3394 | C3416: ='دیده بان بازار'!C3394 | D3416: ='دیده بان بازار'!D3394 | E3416: ='دیده بان بازار'!E3394 | F3416: ='دیده بان بازار'!F3394 | G3416: ='دیده بان بازار'!G3394 | H3416: ='دیده بان بازار'!H3394 | ... W3416: ='دیده بان بازار'!W3394
A3417: ='دیده بان بازار'!A3395 | B3417: ='دیده بان بازار'!B3395 | C3417: ='دیده بان بازار'!C3395 | D3417: ='دیده بان بازار'!D3395 | E3417: ='دیده بان بازار'!E3395 | F3417: ='دیده بان بازار'!F3395 | G3417: ='دیده بان بازار'!G3395 | H3417: ='دیده بان بازار'!H3395 | ... W3417: ='دیده بان بازار'!W3395
A3418: ='دیده بان بازار'!A3396 | B3418: ='دیده بان بازار'!B3396 | C3418: ='دیده بان بازار'!C3396 | D3418: ='دیده بان بازار'!D3396 | E3418: ='دیده بان بازار'!E3396 | F3418: ='دیده بان بازار'!F3396 | G3418: ='دیده بان بازار'!G3396 | H3418: ='دیده بان بازار'!H3396 | ... W3418: ='دیده بان بازار'!W3396
A3419: ='دیده بان بازار'!A3397 | B3419: ='دیده بان بازار'!B3397 | C3419: ='دیده بان بازار'!C3397 | D3419: ='دیده بان بازار'!D3397 | E3419: ='دیده بان بازار'!E3397 | F3419: ='دیده بان بازار'!F3397 | G3419: ='دیده بان بازار'!G3397 | H3419: ='دیده بان بازار'!H3397 | ... W3419: ='دیده بان بازار'!W3397
A3420: ='دیده بان بازار'!A3398 | B3420: ='دیده بان بازار'!B3398 | C3420: ='دیده بان بازار'!C3398 | D3420: ='دیده بان بازار'!D3398 | E3420: ='دیده بان بازار'!E3398 | F3420: ='دیده بان بازار'!F3398 | G3420: ='دیده بان بازار'!G3398 | H3420: ='دیده بان بازار'!H3398 | ... W3420: ='دیده بان بازار'!W3398
... A4926: ='دیده بان بازار'!A4904 | B4926: ='دیده بان بازار'!B4904 | C4926: ='دیده بان بازار'!C4904 | D4926: ='دیده بان بازار'!D4904 | E4926: ='دیده بان بازار'!E4904 | F4926: ='دیده بان بازار'!F4904 | G4926: ='دیده بان بازار'!G4904 | H4926: ='دیده بان بازار'!H4904 | ... W4926: ='دیده بان بازار'!W4904

Sheet بررسی 
A1: نماد | B1: نام | C1: تعداد | D1: حجم | E1: ارزش | F1: دیروز | G1: اولین | H1: آخرین معامله - مقدار | I1: آخرین معامله - تغییر | J1: آخرین معامله - درصد | K1: قیمت پایانی - مقدار | L1: قیمت پایانی - تغییر | M1: قیمت پایانی - درصد | N1: کمترین | O1: بیشترین | P1: EPS | Q1: P/E | R1: خرید - تعداد | S1: خرید - حجم | T1: خرید - قیمت | U1: فروش - قیمت | V1: فروش - حجم | W1: فروش - تعداد | X1: 0 | Y1: -
A2: {=_xlfn._xlws.FILTER('انتقال دیده بان'!A4:W3358, ('انتقال دیده بان'!I4:I3358 > 0.5) * ('انتقال دیده بان'!I4:I3358 < 4.5) * ('انتقال دیده بان'!D4:D3358 > 300000) * (IFERROR('انتقال دیده بان'!Q4:Q3358/'انتقال دیده بان'!P4:P3358, 0) > IFERROR('انتقال دیده بان'!T4:T3358/'انتقال دیده بان'!U4:U3358, 0)) * (ISERROR(SEARCH("اختيار", 'انتقال دیده بان'!B4:B3358))), "هیچ نمادی یافت نشد")} | B2: بانك تجارت | C2: 55 | D2: 6616105 | E2: 6503631215 | F2: 982 | G2: 983 | H2: 983 | I2: 1 | J2: 0.1 | K2: 983 | L2: 1 | M2: 0.1 | N2: 983 | O2: 983 | P2: 105 | Q2: 9.36 | R2: 0 | S2: 0 | T2: 0 | U2: 983 | V2: 277185573 | W2: 159

Sheet خروجی شکار نمادهای جامانده 
A1: رتبه | B1: ردیف منبع | C1: نماد | D1: نام شرکت | E1: امتیاز | F1: سیگنال | G1: آخرین % | H1: پایانی % | I1: حجم | J1: ارزش معاملات | K1: نسبت خرید/فروش | L1: میانگین ارزش معامله | M1: موقعیت روز | N1: شتاب | O1: ریسک | P1: اختلاف قیمت | Q1: وضعیت شکار | S1: منبع و منطق
A2: =IF($B2="","",ROWS($A$2:A2)) | B2: =IFERROR(MATCH(IFERROR(AGGREGATE(14,6,(('انتقال دیده بان'!$AA$2:$AA$4926)+ROW('انتقال دیده بان'!$AA$2:$AA$4926)/100000000)/(('انتقال دیده بان'!$A$2:$A$4926<>"")* ('انتقال دیده بان'!$B$2:$B$4926<>"")* ISERROR(SEARCH("صندوق",'انتقال دیده بان'!$B$2:$B$4926))* ISERROR(SEARCH("درآمد ثابت",'انتقال دیده بان'!$B$2:$B$4926))* ISERROR(SEARCH("اختیار",'انتقال دیده بان'!$B$2:$B$4926))* ISERROR(SEARCH("اختيار",'انتقال دیده بان'!$B$2:$B$4926))* ISERROR(SEARCH("حق تقدم",'انتقال دیده بان'!$B$2:$B$4926))* ('انتقال دیده بان'!$AA$2:$AA$4926>=70)* ('انتقال دیده بان'!$J$2:$J$4926>=-0.5)* ('انتقال دیده بان'!$J$2:$J$4926<=1.5)* ('انتقال دیده بان'!$M$2:$M$4926>=-1)* ('انتقال دیده بان'!$M$2:$M$4926<=3.5)* ('انتقال دیده بان'!$D$2:$D$4926>=300000)* ('انتقال دیده بان'!$E$2:$E$4926>=1000000000)* ('انتقال دیده بان'!$Y$2:$Y$4926>=1)* IFERROR(('انتقال دیده بان'!$E$2:$E$4926/'انتقال دیده بان'!$C$2:$C$4926)>=20000000,FALSE)* ('انتقال دیده بان'!$AH$2:$AH$4926>=50)),ROWS($A$2:A2)),0),((('انتقال دیده بان'!$AA$2:$AA$4926)+ROW('انتقال دیده بان'!$AA$2:$AA$4926)/100000000)),0),"") | C2: =IF($B2="","",INDEX('انتقال دیده بان'!$A$2:$A$4926,$B2)) | D2: =IF($B2="","",INDEX('انتقال دیده بان'!$B$2:$B$4926,$B2)) | E2: =IF($B2="","",INDEX('انتقال دیده بان'!$AA$2:$AA$4926,$B2)) | F2: =IF($B2="","",INDEX('انتقال دیده بان'!$AJ$2:$AJ$4926,$B2)) | G2: =IF($B2="","",INDEX('انتقال دیده بان'!$J$2:$J$4926,$B2)) | H2: =IF($B2="","",INDEX('انتقال دیده بان'!$M$2:$M$4926,$B2)) | I2: =IF($B2="","",INDEX('انتقال دیده بان'!$D$2:$D$4926,$B2)) | J2: =IF($B2="","",INDEX('انتقال دیده بان'!$E$2:$E$4926,$B2)) | K2: =IF($B2="","",INDEX('انتقال دیده بان'!$Y$2:$Y$4926,$B2)) | L2: =IF($B2="","",INDEX('انتقال دیده بان'!$X$2:$X$4926,$B2)) | M2: =IF($B2="","",INDEX('انتقال دیده بان'!$AE$2:$AE$4926,$B2)) | N2: =IF($B2="","",INDEX('انتقال دیده بان'!$AF$2:$AF$4926,$B2)) | O2: =IF($B2="","",INDEX('انتقال دیده بان'!$AH$2:$AH$4926,$B2)) | P2: =IF($B2="","",INDEX('انتقال دیده بان'!$AI$2:$AI$4926,$B2)) | Q2: =IF($B2="","",IF($E2>=85,"شکار ممتاز",IF($E2>=80,"شکار قوی","شکار مشروط"))) | S2: منبع داده | T2: انتقال دیده بان ← متصل به دیده بان بازار
A3: =IF($B3="","",ROWS($A$2:A3)) | B3: =IFERROR(MATCH(IFERROR(AGGREGATE(14,6,(('انتقال دیده بان'!$AA$2:$AA$4926)+ROW('انتقال دیده بان'!$AA$2:$AA$4926)/100000000)/(('انتقال دیده بان'!$A$2:$A$4926<>"")* ('انتقال دیده بان'!$B$2:$B$4926<>"")* ISERROR(SEARCH("صندوق",'انتقال دیده بان'!$B$2:$B$4926))* ISERROR(SEARCH("درآمد ثابت",'انتقال دیده بان'!$B$2:$B$4926))* ISERROR(SEARCH("اختیار",'انتقال دیده بان'!$B$2:$B$4926))* ISERROR(SEARCH("اختيار",'انتقال دیده بان'!$B$2:$B$4926))* ISERROR(SEARCH("حق تقدم",'انتقال دیده بان'!$B$2:$B$4926))* ('انتقال دیده بان'!$AA$2:$AA$4926>=70)* ('انتقال دیده بان'!$J$2:$J$4926>=-0.5)* ('انتقال دیده بان'!$J$2:$J$4926<=1.5)* ('انتقال دیده بان'!$M$2:$M$4926>=-1)* ('انتقال دیده بان'!$M$2:$M$4926<=3.5)* ('انتقال دیده بان'!$D$2:$D$4926>=300000)* ('انتقال دیده بان'!$E$2:$E$4926>=1000000000)* ('انتقال دیده بان'!$Y$2:$Y$4926>=1)* IFERROR(('انتقال دیده بان'!$E$2:$E$4926/'انتقال دیده بان'!$C$2:$C$4926)>=20000000,FALSE)* ('انتقال دیده بان'!$AH$2:$AH$4926>=50)),ROWS($A$2:A3)),0),((('انتقال دیده بان'!$AA$2:$AA$4926)+ROW('انتقال دیده بان'!$AA$2:$AA$4926)/100000000)),0),"") | C3: =IF($B3="","",INDEX('انتقال دیده بان'!$A$2:$A$4926,$B3)) | D3: =IF($B3="","",INDEX('انتقال دیده بان'!$B$2:$B$4926,$B3)) | E3: =IF($B3="","",INDEX('انتقال دیده بان'!$AA$2:$AA$4926,$B3)) | F3: =IF($B3="","",INDEX('انتقال دیده بان'!$AJ$2:$AJ$4926,$B3)) | G3: =IF($B3="","",INDEX('انتقال دیده بان'!$J$2:$J$4926,$B3)) | H3: =IF($B3="","",INDEX('انتقال دیده بان'!$M$2:$M$4926,$B3)) | I3: =IF($B3="","",INDEX('انتقال دیده بان'!$D$2:$D$4926,$B3)) | J3: =IF($B3="","",INDEX('انتقال دیده بان'!$E$2:$E$4926,$B3)) | K3: =IF($B3="","",INDEX('انتقال دیده بان'!$Y$2:$Y$4926,$B3)) | L3: =IF($B3="","",INDEX('انتقال دیده بان'!$X$2:$X$4926,$B3)) | M3: =IF($B3="","",INDEX('انتقال دیده بان'!$AE$2:$AE$4926,$B3)) | N3: =IF($B3="","",INDEX('انتقال دیده بان'!$AF$2:$AF$4926,$B3)) | O3: =IF($B3="","",INDEX('انتقال دیده بان'!$AH$2:$AH$4926,$B3)) | P3: =IF($B3="","",INDEX('انتقال دیده بان'!$AI$2:$AI$4926,$B3)) | Q3: =IF($B3="","",IF($E3>=85,"شکار ممتاز",IF($E3>=80,"شکار قوی","شکار مشروط"))) | S3: فیلتر | T3: امتیاز ≥70 + نقدشوندگی + حرکت کنترل‌شده + نسبت خرید/فروش ≥1
A4: =IF($B4="","",ROWS($A$2:A4)) | B4: =IFERROR(MATCH(IFERROR(AGGREGATE(14,6,(('انتقال دیده بان'!$AA$2:$AA$4926)+ROW('انتقال دیده بان'!$AA$2:$AA$4926)/100000000)/(('انتقال دیده بان'!$A$2:$A$4926<>"")* ('انتقال دیده بان'!$B$2:$B$4926<>"")* ISERROR(SEARCH("صندوق",'انتقال دیده بان'!$B$2:$B$4926))* ISERROR(SEARCH("درآمد ثابت",'انتقال دیده بان'!$B$2:$B$4926))* ISERROR(SEARCH("اختیار",'انتقال دیده بان'!$B$2:$B$4926))* ISERROR(SEARCH("اختيار",'انتقال دیده بان'!$B$2:$B$4926))* ISERROR(SEARCH("حق تقدم",'انتقال دیده بان'!$B$2:$B$4926))* ('انتقال دیده بان'!$AA$2:$AA$4926>=70)* ('انتقال دیده بان'!$J$2:$J$4926>=-0.5)* ('انتقال دیده بان'!$J$2:$J$4926<=1.5)* ('انتقال دیده بان'!$M$2:$M$4926>=-1)* ('انتقال دیده بان'!$M$2:$M$4926<=3.5)* ('انتقال دیده بان'!$D$2:$D$4926>=300000)* ('انتقال دیده بان'!$E$2:$E$4926>=1000000000)* ('انتقال دیده بان'!$Y$2:$Y$4926>=1)* IFERROR(('انتقال دیده بان'!$E$2:$E$4926/'انتقال دیده بان'!$C$2:$C$4926)>=20000000,FALSE)* ('انتقال دیده بان'!$AH$2:$AH$4926>=50)),ROWS($A$2:A4)),0),((('انتقال دیده بان'!$AA$2:$AA$4926)+ROW('انتقال دیده بان'!$AA$2:$AA$4926)/100000000)),0),"") | C4: =IF($B4="","",INDEX('انتقال دیده بان'!$A$2:$A$4926,$B4)) | D4: =IF($B4="","",INDEX('انتقال دیده بان'!$B$2:$B$4926,$B4)) | E4: =IF($B4="","",INDEX('انتقال دیده بان'!$AA$2:$AA$4926,$B4)) | F4: =IF($B4="","",INDEX('انتقال دیده بان'!$AJ$2:$AJ$4926,$B4)) | G4: =IF($B4="","",INDEX('انتقال دیده بان'!$J$2:$J$4926,$B4)) | H4: =IF($B4="","",INDEX('انتقال دیده بان'!$M$2:$M$4926,$B4)) | I4: =IF($B4="","",INDEX('انتقال دیده بان'!$D$2:$D$4926,$B4)) | J4: =IF($B4="","",INDEX('انتقال دیده بان'!$E$2:$E$4926,$B4)) | K4: =IF($B4="","",INDEX('انتقال دیده بان'!$Y$2:$Y$4926,$B4)) | L4: =IF($B4="","",INDEX('انتقال دیده بان'!$X$2:$X$4926,$B4)) | M4: =IF($B4="","",INDEX('انتقال دیده بان'!$AE$2:$AE$4926,$B4)) | N4: =IF($B4="","",INDEX('انتقال دیده بان'!$AF$2:$AF$4926,$B4)) | O4: =IF($B4="","",INDEX('انتقال دیده بان'!$AH$2:$AH$4926,$B4)) | P4: =IF($B4="","",INDEX('انتقال دیده بان'!$AI$2:$AI$4926,$B4)) | Q4: =IF($B4="","",IF($E4>=85,"شکار ممتاز",IF($E4>=80,"شکار قوی","شکار مشروط"))) | S4: ممتاز | T4: امتیاز ≥85
A5: =IF($B5="","",ROWS($A$2:A5)) | B5: =IFERROR(MATCH(IFERROR(AGGREGATE(14,6,(('انتقال دیده بان'!$AA$2:$AA$4926)+ROW('انتقال دیده بان'!$AA$2:$AA$4926)/100000000)/(('انتقال دیده بان'!$A$2:$A$4926<>"")* ('انتقال دیده بان'!$B$2:$B$4926<>"")* ISERROR(SEARCH("صندوق",'انتقال دیده بان'!$B$2:$B$4926))* ISERROR(SEARCH("درآمد ثابت",'انتقال دیده بان'!$B$2:$B$4926))* ISERROR(SEARCH("اختیار",'انتقال دیده بان'!$B$2:$B$4926))* ISERROR(SEARCH("اختيار",'انتقال دیده بان'!$B$2:$B$4926))* ISERROR(SEARCH("حق تقدم",'انتقال دیده بان'!$B$2:$B$4926))* ('انتقال دیده بان'!$AA$2:$AA$4926>=70)* ('انتقال دیده بان'!$J$2:$J$4926>=-0.5)* ('انتقال دیده بان'!$J$2:$J$4926<=1.5)* ('انتقال دیده بان'!$M$2:$M$4926>=-1)* ('انتقال دیده بان'!$M$2:$M$4926<=3.5)* ('انتقال دیده بان'!$D$2:$D$4926>=300000)* ('انتقال دیده بان'!$E$2:$E$4926>=1000000000)* ('انتقال دیده بان'!$Y$2:$Y$4926>=1)* IFERROR(('انتقال دیده بان'!$E$2:$E$4926/'انتقال دیده بان'!$C$2:$C$4926)>=20000000,FALSE)* ('انتقال دیده بان'!$AH$2:$AH$4926>=50)),ROWS($A$2:A5)),0),((('انتقال دیده بان'!$AA$2:$AA$4926)+ROW('انتقال دیده بان'!$AA$2:$AA$4926)/100000000)),0),"") | C5: =IF($B5="","",INDEX('انتقال دیده بان'!$A$2:$A$4926,$B5)) | D5: =IF($B5="","",INDEX('انتقال دیده بان'!$B$2:$B$4926,$B5)) | E5: =IF($B5="","",INDEX('انتقال دیده بان'!$AA$2:$AA$4926,$B5)) | F5: =IF($B5="","",INDEX('انتقال دیده بان'!$AJ$2:$AJ$4926,$B5)) | G5: =IF($B5="","",INDEX('انتقال دیده بان'!$J$2:$J$4926,$B5)) | H5: =IF($B5="","",INDEX('انتقال دیده بان'!$M$2:$M$4926,$B5)) | I5: =IF($B5="","",INDEX('انتقال دیده بان'!$D$2:$D$4926,$B5)) | J5: =IF($B5="","",INDEX('انتقال دیده بان'!$E$2:$E$4926,$B5)) | K5: =IF($B5="","",INDEX('انتقال دیده بان'!$Y$2:$Y$4926,$B5)) | L5: =IF($B5="","",INDEX('انتقال دیده بان'!$X$2:$X$4926,$B5)) | M5: =IF($B5="","",INDEX('انتقال دیده بان'!$AE$2:$AE$4926,$B5)) | N5: =IF($B5="","",INDEX('انتقال دیده بان'!$AF$2:$AF$4926,$B5)) | O5: =IF($B5="","",INDEX('انتقال دیده بان'!$AH$2:$AH$4926,$B5)) | P5: =IF($B5="","",INDEX('انتقال دیده بان'!$AI$2:$AI$4926,$B5)) | Q5: =IF($B5="","",IF($E5>=85,"شکار ممتاز",IF($E5>=80,"شکار قوی","شکار مشروط"))) | S5: قوی | T5: امتیاز 80 تا 84
A6: =IF($B6="","",ROWS($A$2:A6)) | B6: =IFERROR(MATCH(IFERROR(AGGREGATE(14,6,(('انتقال دیده بان'!$AA$2:$AA$4926)+ROW('انتقال دیده بان'!$AA$2:$AA$4926)/100000000)/(('انتقال دیده بان'!$A$2:$A$4926<>"")* ('انتقال دیده بان'!$B$2:$B$4926<>"")* ISERROR(SEARCH("صندوق",'انتقال دیده بان'!$B$2:$B$4926))* ISERROR(SEARCH("درآمد ثابت",'انتقال دیده بان'!$B$2:$B$4926))* ISERROR(SEARCH("اختیار",'انتقال دیده بان'!$B$2:$B$4926))* ISERROR(SEARCH("اختيار",'انتقال دیده بان'!$B$2:$B$4926))* ISERROR(SEARCH("حق تقدم",'انتقال دیده بان'!$B$2:$B$4926))* ('انتقال دیده بان'!$AA$2:$AA$4926>=70)* ('انتقال دیده بان'!$J$2:$J$4926>=-0.5)* ('انتقال دیده بان'!$J$2:$J$4926<=1.5)* ('انتقال دیده بان'!$M$2:$M$4926>=-1)* ('انتقال دیده بان'!$M$2:$M$4926<=3.5)* ('انتقال دیده بان'!$D$2:$D$4926>=300000)* ('انتقال دیده بان'!$E$2:$E$4926>=1000000000)* ('انتقال دیده بان'!$Y$2:$Y$4926>=1)* IFERROR(('انتقال دیده بان'!$E$2:$E$4926/'انتقال دیده بان'!$C$2:$C$4926)>=20000000,FALSE)* ('انتقال دیده بان'!$AH$2:$AH$4926>=50)),ROWS($A$2:A6)),0),((('انتقال دیده بان'!$AA$2:$AA$4926)+ROW('انتقال دیده بان'!$AA$2:$AA$4926)/100000000)),0),"") | C6: =IF($B6="","",INDEX('انتقال دیده بان'!$A$2:$A$4926,$B6)) | D6: =IF($B6="","",INDEX('انتقال دیده بان'!$B$2:$B$4926,$B6)) | E6: =IF($B6="","",INDEX('انتقال دیده بان'!$AA$2:$AA$4926,$B6)) | F6: =IF($B6="","",INDEX('انتقال دیده بان'!$AJ$2:$AJ$4926,$B6)) | G6: =IF($B6="","",INDEX('انتقال دیده بان'!$J$2:$J$4926,$B6)) | H6: =IF($B6="","",INDEX('انتقال دیده بان'!$M$2:$M$4926,$B6)) | I6: =IF($B6="","",INDEX('انتقال دیده بان'!$D$2:$D$4926,$B6)) | J6: =IF($B6="","",INDEX('انتقال دیده بان'!$E$2:$E$4926,$B6)) | K6: =IF($B6="","",INDEX('انتقال دیده بان'!$Y$2:$Y$4926,$B6)) | L6: =IF($B6="","",INDEX('انتقال دیده بان'!$X$2:$X$4926,$B6)) | M6: =IF($B6="","",INDEX('انتقال دیده بان'!$AE$2:$AE$4926,$B6)) | N6: =IF($B6="","",INDEX('انتقال دیده بان'!$AF$2:$AF$4926,$B6)) | O6: =IF($B6="","",INDEX('انتقال دیده بان'!$AH$2:$AH$4926,$B6)) | P6: =IF($B6="","",INDEX('انتقال دیده بان'!$AI$2:$AI$4926,$B6)) | Q6: =IF($B6="","",IF($E6>=85,"شکار ممتاز",IF($E6>=80,"شکار قوی","شکار مشروط"))) | S6: مشروط | T6: امتیاز 70 تا 79
A7: =IF($B7="","",ROWS($A$2:A7)) | B7: =IFERROR(MATCH(IFERROR(AGGREGATE(14,6,(('انتقال دیده بان'!$AA$2:$AA$4926)+ROW('انتقال دیده بان'!$AA$2:$AA$4926)/100000000)/(('انتقال دیده بان'!$A$2:$A$4926<>"")* ('انتقال دیده بان'!$B$2:$B$4926<>"")* ISERROR(SEARCH("صندوق",'انتقال دیده بان'!$B$2:$B$4926))* ISERROR(SEARCH("درآمد ثابت",'انتقال دیده بان'!$B$2:$B$4926))* ISERROR(SEARCH("اختیار",'انتقال دیده بان'!$B$2:$B$4926))* ISERROR(SEARCH("اختيار",'انتقال دیده بان'!$B$2:$B$4926))* ISERROR(SEARCH("حق تقدم",'انتقال دیده بان'!$B$2:$B$4926))* ('انتقال دیده بان'!$AA$2:$AA$4926>=70)* ('انتقال دیده بان'!$J$2:$J$4926>=-0.5)* ('انتقال دیده بان'!$J$2:$J$4926<=1.5)* ('انتقال دیده بان'!$M$2:$M$4926>=-1)* ('انتقال دیده بان'!$M$2:$M$4926<=3.5)* ('انتقال دیده بان'!$D$2:$D$4926>=300000)* ('انتقال دیده بان'!$E$2:$E$4926>=1000000000)* ('انتقال دیده بان'!$Y$2:$Y$4926>=1)* IFERROR(('انتقال دیده بان'!$E$2:$E$4926/'انتقال دیده بان'!$C$2:$C$4926)>=20000000,FALSE)* ('انتقال دیده بان'!$AH$2:$AH$4926>=50)),ROWS($A$2:A7)),0),((('انتقال دیده بان'!$AA$2:$AA$4926)+ROW('انتقال دیده بان'!$AA$2:$AA$4926)/100000000)),0),"") | C7: =IF($B7="","",INDEX('انتقال دیده بان'!$A$2:$A$4926,$B7)) | D7: =IF($B7="","",INDEX('انتقال دیده بان'!$B$2:$B$4926,$B7)) | E7: =IF($B7="","",INDEX('انتقال دیده بان'!$AA$2:$AA$4926,$B7)) | F7: =IF($B7="","",INDEX('انتقال دیده بان'!$AJ$2:$AJ$4926,$B7)) | G7: =IF($B7="","",INDEX('انتقال دیده بان'!$J$2:$J$4926,$B7)) | H7: =IF($B7="","",INDEX('انتقال دیده بان'!$M$2:$M$4926,$B7)) | I7: =IF($B7="","",INDEX('انتقال دیده بان'!$D$2:$D$4926,$B7)) | J7: =IF($B7="","",INDEX('انتقال دیده بان'!$E$2:$E$4926,$B7)) | K7: =IF($B7="","",INDEX('انتقال دیده بان'!$Y$2:$Y$4926,$B7)) | L7: =IF($B7="","",INDEX('انتقال دیده بان'!$X$2:$X$4926,$B7)) | M7: =IF($B7="","",INDEX('انتقال دیده بان'!$AE$2:$AE$4926,$B7)) | N7: =IF($B7="","",INDEX('انتقال دیده بان'!$AF$2:$AF$4926,$B7)) | O7: =IF($B7="","",INDEX('انتقال دیده بان'!$AH$2:$AH$4926,$B7)) | P7: =IF($B7="","",INDEX('انتقال دیده بان'!$AI$2:$AI$4926,$B7)) | Q7: =IF($B7="","",IF($E7>=85,"شکار ممتاز",IF($E7>=80,"شکار قوی","شکار مشروط"))) | S7: هشدار | T7: کاندید نوسان‌گیری است؛ تأیید نهایی تابلو با معامله‌گر
A8: =IF($B8="","",ROWS($A$2:A8)) | B8: =IFERROR(MATCH(IFERROR(AGGREGATE(14,6,(('انتقال دیده بان'!$AA$2:$AA$4926)+ROW('انتقال دیده بان'!$AA$2:$AA$4926)/100000000)/(('انتقال دیده بان'!$A$2:$A$4926<>"")* ('انتقال دیده بان'!$B$2:$B$4926<>"")* ISERROR(SEARCH("صندوق",'انتقال دیده بان'!$B$2:$B$4926))* ISERROR(SEARCH("درآمد ثابت",'انتقال دیده بان'!$B$2:$B$4926))* ISERROR(SEARCH("اختیار",'انتقال دیده بان'!$B$2:$B$4926))* ISERROR(SEARCH("اختيار",'انتقال دیده بان'!$B$2:$B$4926))* ISERROR(SEARCH("حق تقدم",'انتقال دیده بان'!$B$2:$B$4926))* ('انتقال دیده بان'!$AA$2:$AA$4926>=70)* ('انتقال دیده بان'!$J$2:$J$4926>=-0.5)* ('انتقال دیده بان'!$J$2:$J$4926<=1.5)* ('انتقال دیده بان'!$M$2:$M$4926>=-1)* ('انتقال دیده بان'!$M$2:$M$4926<=3.5)* ('انتقال دیده بان'!$D$2:$D$4926>=300000)* ('انتقال دیده بان'!$E$2:$E$4926>=1000000000)* ('انتقال دیده بان'!$Y$2:$Y$4926>=1)* IFERROR(('انتقال دیده بان'!$E$2:$E$4926/'انتقال دیده بان'!$C$2:$C$4926)>=20000000,FALSE)* ('انتقال دیده بان'!$AH$2:$AH$4926>=50)),ROWS($A$2:A8)),0),((('انتقال دیده بان'!$AA$2:$AA$4926)+ROW('انتقال دیده بان'!$AA$2:$AA$4926)/100000000)),0),"") | C8: =IF($B8="","",INDEX('انتقال دیده بان'!$A$2:$A$4926,$B8)) | D8: =IF($B8="","",INDEX('انتقال دیده بان'!$B$2:$B$4926,$B8)) | E8: =IF($B8="","",INDEX('انتقال دیده بان'!$AA$2:$AA$4926,$B8)) | F8: =IF($B8="","",INDEX('انتقال دیده بان'!$AJ$2:$AJ$4926,$B8)) | G8: =IF($B8="","",INDEX('انتقال دیده بان'!$J$2:$J$4926,$B8)) | H8: =IF($B8="","",INDEX('انتقال دیده بان'!$M$2:$M$4926,$B8)) | I8: =IF($B8="","",INDEX('انتقال دیده بان'!$D$2:$D$4926,$B8)) | J8: =IF($B8="","",INDEX('انتقال دیده بان'!$E$2:$E$4926,$B8)) | K8: =IF($B8="","",INDEX('انتقال دیده بان'!$Y$2:$Y$4926,$B8)) | L8: =IF($B8="","",INDEX('انتقال دیده بان'!$X$2:$X$4926,$B8)) | M8: =IF($B8="","",INDEX('انتقال دیده بان'!$AE$2:$AE$4926,$B8)) | N8: =IF($B8="","",INDEX('انتقال دیده بان'!$AF$2:$AF$4926,$B8)) | O8: =IF($B8="","",INDEX('انتقال دیده بان'!$AH$2:$AH$4926,$B8)) | P8: =IF($B8="","",INDEX('انتقال دیده بان'!$AI$2:$AI$4926,$B8)) | Q8: =IF($B8="","",IF($E8>=85,"شکار ممتاز",IF($E8>=80,"شکار قوی","شکار مشروط"))) | S8: بروزرسانی | T8: پس از Refresh دیده بان، محاسبات خروجی با Excel دوباره محاسبه می‌شوند.
A9: =IF($B9="","",ROWS($A$2:A9)) | B9: =IFERROR(MATCH(IFERROR(AGGREGATE(14,6,(('انتقال دیده بان'!$AA$2:$AA$4926)+ROW('انتقال دیده بان'!$AA$2:$AA$4926)/100000000)/(('انتقال دیده بان'!$A$2:$A$4926<>"")* ('انتقال دیده بان'!$B$2:$B$4926<>"")* ISERROR(SEARCH("صندوق",'انتقال دیده بان'!$B$2:$B$4926))* ISERROR(SEARCH("درآمد ثابت",'انتقال دیده بان'!$B$2:$B$4926))* ISERROR(SEARCH("اختیار",'انتقال دیده بان'!$B$2:$B$4926))* ISERROR(SEARCH("اختيار",'انتقال دیده بان'!$B$2:$B$4926))* ISERROR(SEARCH("حق تقدم",'انتقال دیده بان'!$B$2:$B$4926))* ('انتقال دیده بان'!$AA$2:$AA$4926>=70)* ('انتقال دیده بان'!$J$2:$J$4926>=-0.5)* ('انتقال دیده بان'!$J$2:$J$4926<=1.5)* ('انتقال دیده بان'!$M$2:$M$4926>=-1)* ('انتقال دیده بان'!$M$2:$M$4926<=3.5)* ('انتقال دیده بان'!$D$2:$D$4926>=300000)* ('انتقال دیده بان'!$E$2:$E$4926>=1000000000)* ('انتقال دیده بان'!$Y$2:$Y$4926>=1)* IFERROR(('انتقال دیده بان'!$E$2:$E$4926/'انتقال دیده بان'!$C$2:$C$4926)>=20000000,FALSE)* ('انتقال دیده بان'!$AH$2:$AH$4926>=50)),ROWS($A$2:A9)),0),((('انتقال دیده بان'!$AA$2:$AA$4926)+ROW('انتقال دیده بان'!$AA$2:$AA$4926)/100000000)),0),"") | C9: =IF($B9="","",INDEX('انتقال دیده بان'!$A$2:$A$4926,$B9)) | D9: =IF($B9="","",INDEX('انتقال دیده بان'!$B$2:$B$4926,$B9)) | E9: =IF($B9="","",INDEX('انتقال دیده بان'!$AA$2:$AA$4926,$B9)) | F9: =IF($B9="","",INDEX('انتقال دیده بان'!$AJ$2:$AJ$4926,$B9)) | G9: =IF($B9="","",INDEX('انتقال دیده بان'!$J$2:$J$4926,$B9)) | H9: =IF($B9="","",INDEX('انتقال دیده بان'!$M$2:$M$4926,$B9)) | I9: =IF($B9="","",INDEX('انتقال دیده بان'!$D$2:$D$4926,$B9)) | J9: =IF($B9="","",INDEX('انتقال دیده بان'!$E$2:$E$4926,$B9)) | K9: =IF($B9="","",INDEX('انتقال دیده بان'!$Y$2:$Y$4926,$B9)) | L9: =IF($B9="","",INDEX('انتقال دیده بان'!$X$2:$X$4926,$B9)) | M9: =IF($B9="","",INDEX('انتقال دیده بان'!$AE$2:$AE$4926,$B9)) | N9: =IF($B9="","",INDEX('انتقال دیده بان'!$AF$2:$AF$4926,$B9)) | O9: =IF($B9="","",INDEX('انتقال دیده بان'!$AH$2:$AH$4926,$B9)) | P9: =IF($B9="","",INDEX('انتقال دیده بان'!$AI$2:$AI$4926,$B9)) | Q9: =IF($B9="","",IF($E9>=85,"شکار ممتاز",IF($E9>=80,"شکار قوی","شکار مشروط")))
A10: =IF($B10="","",ROWS($A$2:A10)) | B10: =IFERROR(MATCH(IFERROR(AGGREGATE(14,6,(('انتقال دیده بان'!$AA$2:$AA$4926)+ROW('انتقال دیده بان'!$AA$2:$AA$4926)/100000000)/(('انتقال دیده بان'!$A$2:$A$4926<>"")* ('انتقال دیده بان'!$B$2:$B$4926<>"")* ISERROR(SEARCH("صندوق",'انتقال دیده بان'!$B$2:$B$4926))* ISERROR(SEARCH("درآمد ثابت",'انتقال دیده بان'!$B$2:$B$4926))* ISERROR(SEARCH("اختیار",'انتقال دیده بان'!$B$2:$B$4926))* ISERROR(SEARCH("اختيار",'انتقال دیده بان'!$B$2:$B$4926))* ISERROR(SEARCH("حق تقدم",'انتقال دیده بان'!$B$2:$B$4926))* ('انتقال دیده بان'!$AA$2:$AA$4926>=70)* ('انتقال دیده بان'!$J$2:$J$4926>=-0.5)* ('انتقال دیده بان'!$J$2:$J$4926<=1.5)* ('انتقال دیده بان'!$M$2:$M$4926>=-1)* ('انتقال دیده بان'!$M$2:$M$4926<=3.5)* ('انتقال دیده بان'!$D$2:$D$4926>=300000)* ('انتقال دیده بان'!$E$2:$E$4926>=1000000000)* ('انتقال دیده بان'!$Y$2:$Y$4926>=1)* IFERROR(('انتقال دیده بان'!$E$2:$E$4926/'انتقال دیده بان'!$C$2:$C$4926)>=20000000,FALSE)* ('انتقال دیده بان'!$AH$2:$AH$4926>=50)),ROWS($A$2:A10)),0),((('انتقال دیده بان'!$AA$2:$AA$4926)+ROW('انتقال دیده بان'!$AA$2:$AA$4926)/100000000)),0),"") | C10: =IF($B10="","",INDEX('انتقال دیده بان'!$A$2:$A$4926,$B10)) | D10: =IF($B10="","",INDEX('انتقال دیده بان'!$B$2:$B$4926,$B10)) | E10: =IF($B10="","",INDEX('انتقال دیده بان'!$AA$2:$AA$4926,$B10)) | F10: =IF($B10="","",INDEX('انتقال دیده بان'!$AJ$2:$AJ$4926,$B10)) | G10: =IF($B10="","",INDEX('انتقال دیده بان'!$J$2:$J$4926,$B10)) | H10: =IF($B10="","",INDEX('انتقال دیده بان'!$M$2:$M$4926,$B10)) | I10: =IF($B10="","",INDEX('انتقال دیده بان'!$D$2:$D$4926,$B10)) | J10: =IF($B10="","",INDEX('انتقال دیده بان'!$E$2:$E$4926,$B10)) | K10: =IF($B10="","",INDEX('انتقال دیده بان'!$Y$2:$Y$4926,$B10)) | L10: =IF($B10="","",INDEX('انتقال دیده بان'!$X$2:$X$4926,$B10)) | M10: =IF($B10="","",INDEX('انتقال دیده بان'!$AE$2:$AE$4926,$B10)) | N10: =IF($B10="","",INDEX('انتقال دیده بان'!$AF$2:$AF$4926,$B10)) | O10: =IF($B10="","",INDEX('انتقال دیده بان'!$AH$2:$AH$4926,$B10)) | P10: =IF($B10="","",INDEX('انتقال دیده بان'!$AI$2:$AI$4926,$B10)) | Q10: =IF($B10="","",IF($E10>=85,"شکار ممتاز",IF($E10>=80,"شکار قوی","شکار مشروط")))
A11: =IF($B11="","",ROWS($A$2:A11)) | B11: =IFERROR(MATCH(IFERROR(AGGREGATE(14,6,(('انتقال دیده بان'!$AA$2:$AA$4926)+ROW('انتقال دیده بان'!$AA$2:$AA$4926)/100000000)/(('انتقال دیده بان'!$A$2:$A$4926<>"")* ('انتقال دیده بان'!$B$2:$B$4926<>"")* ISERROR(SEARCH("صندوق",'انتقال دیده بان'!$B$2:$B$4926))* ISERROR(SEARCH("درآمد ثابت",'انتقال دیده بان'!$B$2:$B$4926))* ISERROR(SEARCH("اختیار",'انتقال دیده بان'!$B$2:$B$4926))* ISERROR(SEARCH("اختيار",'انتقال دیده بان'!$B$2:$B$4926))* ISERROR(SEARCH("حق تقدم",'انتقال دیده بان'!$B$2:$B$4926))* ('انتقال دیده بان'!$AA$2:$AA$4926>=70)* ('انتقال دیده بان'!$J$2:$J$4926>=-0.5)* ('انتقال دیده بان'!$J$2:$J$4926<=1.5)* ('انتقال دیده بان'!$M$2:$M$4926>=-1)* ('انتقال دیده بان'!$M$2:$M$4926<=3.5)* ('انتقال دیده بان'!$D$2:$D$4926>=300000)* ('انتقال دیده بان'!$E$2:$E$4926>=1000000000)* ('انتقال دیده بان'!$Y$2:$Y$4926>=1)* IFERROR(('انتقال دیده بان'!$E$2:$E$4926/'انتقال دیده بان'!$C$2:$C$4926)>=20000000,FALSE)* ('انتقال دیده بان'!$AH$2:$AH$4926>=50)),ROWS($A$2:A11)),0),((('انتقال دیده بان'!$AA$2:$AA$4926)+ROW('انتقال دیده بان'!$AA$2:$AA$4926)/100000000)),0),"") | C11: =IF($B11="","",INDEX('انتقال دیده بان'!$A$2:$A$4926,$B11)) | D11: =IF($B11="","",INDEX('انتقال دیده بان'!$B$2:$B$4926,$B11)) | E11: =IF($B11="","",INDEX('انتقال دیده بان'!$AA$2:$AA$4926,$B11)) | F11: =IF($B11="","",INDEX('انتقال دیده بان'!$AJ$2:$AJ$4926,$B11)) | G11: =IF($B11="","",INDEX('انتقال دیده بان'!$J$2:$J$4926,$B11)) | H11: =IF($B11="","",INDEX('انتقال دیده بان'!$M$2:$M$4926,$B11)) | I11: =IF($B11="","",INDEX('انتقال دیده بان'!$D$2:$D$4926,$B11)) | J11: =IF($B11="","",INDEX('انتقال دیده بان'!$E$2:$E$4926,$B11)) | K11: =IF($B11="","",INDEX('انتقال دیده بان'!$Y$2:$Y$4926,$B11)) | L11: =IF($B11="","",INDEX('انتقال دیده بان'!$X$2:$X$4926,$B11)) | M11: =IF($B11="","",INDEX('انتقال دیده بان'!$AE$2:$AE$4926,$B11)) | N11: =IF($B11="","",INDEX('انتقال دیده بان'!$AF$2:$AF$4926,$B11)) | O11: =IF($B11="","",INDEX('انتقال دیده بان'!$AH$2:$AH$4926,$B11)) | P11: =IF($B11="","",INDEX('انتقال دیده بان'!$AI$2:$AI$4926,$B11)) | Q11: =IF($B11="","",IF($E11>=85,"شکار ممتاز",IF($E11>=80,"شکار قوی","شکار مشروط")))
A12: =IF($B12="","",ROWS($A$2:A12)) | B12: =IFERROR(MATCH(IFERROR(AGGREGATE(14,6,(('انتقال دیده بان'!$AA$2:$AA$4926)+ROW('انتقال دیده بان'!$AA$2:$AA$4926)/100000000)/(('انتقال دیده بان'!$A$2:$A$4926<>"")* ('انتقال دیده بان'!$B$2:$B$4926<>"")* ISERROR(SEARCH("صندوق",'انتقال دیده بان'!$B$2:$B$4926))* ISERROR(SEARCH("درآمد ثابت",'انتقال دیده بان'!$B$2:$B$4926))* ISERROR(SEARCH("اختیار",'انتقال دیده بان'!$B$2:$B$4926))* ISERROR(SEARCH("اختيار",'انتقال دیده بان'!$B$2:$B$4926))* ISERROR(SEARCH("حق تقدم",'انتقال دیده بان'!$B$2:$B$4926))* ('انتقال دیده بان'!$AA$2:$AA$4926>=70)* ('انتقال دیده بان'!$J$2:$J$4926>=-0.5)* ('انتقال دیده بان'!$J$2:$J$4926<=1.5)* ('انتقال دیده بان'!$M$2:$M$4926>=-1)* ('انتقال دیده بان'!$M$2:$M$4926<=3.5)* ('انتقال دیده بان'!$D$2:$D$4926>=300000)* ('انتقال دیده بان'!$E$2:$E$4926>=1000000000)* ('انتقال دیده بان'!$Y$2:$Y$4926>=1)* IFERROR(('انتقال دیده بان'!$E$2:$E$4926/'انتقال دیده بان'!$C$2:$C$4926)>=20000000,FALSE)* ('انتقال دیده بان'!$AH$2:$AH$4926>=50)),ROWS($A$2:A12)),0),((('انتقال دیده بان'!$AA$2:$AA$4926)+ROW('انتقال دیده بان'!$AA$2:$AA$4926)/100000000)),0),"") | C12: =IF($B12="","",INDEX('انتقال دیده بان'!$A$2:$A$4926,$B12)) | D12: =IF($B12="","",INDEX('انتقال دیده بان'!$B$2:$B$4926,$B12)) | E12: =IF($B12="","",INDEX('انتقال دیده بان'!$AA$2:$AA$4926,$B12)) | F12: =IF($B12="","",INDEX('انتقال دیده بان'!$AJ$2:$AJ$4926,$B12)) | G12: =IF($B12="","",INDEX('انتقال دیده بان'!$J$2:$J$4926,$B12)) | H12: =IF($B12="","",INDEX('انتقال دیده بان'!$M$2:$M$4926,$B12)) | I12: =IF($B12="","",INDEX('انتقال دیده بان'!$D$2:$D$4926,$B12)) | J12: =IF($B12="","",INDEX('انتقال دیده بان'!$E$2:$E$4926,$B12)) | K12: =IF($B12="","",INDEX('انتقال دیده بان'!$Y$2:$Y$4926,$B12)) | L12: =IF($B12="","",INDEX('انتقال دیده بان'!$X$2:$X$4926,$B12)) | M12: =IF($B12="","",INDEX('انتقال دیده بان'!$AE$2:$AE$4926,$B12)) | N12: =IF($B12="","",INDEX('انتقال دیده بان'!$AF$2:$AF$4926,$B12)) | O12: =IF($B12="","",INDEX('انتقال دیده بان'!$AH$2:$AH$4926,$B12)) | P12: =IF($B12="","",INDEX('انتقال دیده بان'!$AI$2:$AI$4926,$B12)) | Q12: =IF($B12="","",IF($E12>=85,"شکار ممتاز",IF($E12>=80,"شکار قوی","شکار مشروط")))
A13: =IF($B13="","",ROWS($A$2:A13)) | B13: =IFERROR(MATCH(IFERROR(AGGREGATE(14,6,(('انتقال دیده بان'!$AA$2:$AA$4926)+ROW('انتقال دیده بان'!$AA$2:$AA$4926)/100000000)/(('انتقال دیده بان'!$A$2:$A$4926<>"")* ('انتقال دیده بان'!$B$2:$B$4926<>"")* ISERROR(SEARCH("صندوق",'انتقال دیده بان'!$B$2:$B$4926))* ISERROR(SEARCH("درآمد ثابت",'انتقال دیده بان'!$B$2:$B$4926))* ISERROR(SEARCH("اختیار",'انتقال دیده بان'!$B$2:$B$4926))* ISERROR(SEARCH("اختيار",'انتقال دیده بان'!$B$2:$B$4926))* ISERROR(SEARCH("حق تقدم",'انتقال دیده بان'!$B$2:$B$4926))* ('انتقال دیده بان'!$AA$2:$AA$4926>=70)* ('انتقال دیده بان'!$J$2:$J$4926>=-0.5)* ('انتقال دیده بان'!$J$2:$J$4926<=1.5)* ('انتقال دیده بان'!$M$2:$M$4926>=-1)* ('انتقال دیده بان'!$M$2:$M$4926<=3.5)* ('انتقال دیده بان'!$D$2:$D$4926>=300000)* ('انتقال دیده بان'!$E$2:$E$4926>=1000000000)* ('انتقال دیده بان'!$Y$2:$Y$4926>=1)* IFERROR(('انتقال دیده بان'!$E$2:$E$4926/'انتقال دیده بان'!$C$2:$C$4926)>=20000000,FALSE)* ('انتقال دیده بان'!$AH$2:$AH$4926>=50)),ROWS($A$2:A13)),0),((('انتقال دیده بان'!$AA$2:$AA$4926)+ROW('انتقال دیده بان'!$AA$2:$AA$4926)/100000000)),0),"") | C13: =IF($B13="","",INDEX('انتقال دیده بان'!$A$2:$A$4926,$B13)) | D13: =IF($B13="","",INDEX('انتقال دیده بان'!$B$2:$B$4926,$B13)) | E13: =IF($B13="","",INDEX('انتقال دیده بان'!$AA$2:$AA$4926,$B13)) | F13: =IF($B13="","",INDEX('انتقال دیده بان'!$AJ$2:$AJ$4926,$B13)) | G13: =IF($B13="","",INDEX('انتقال دیده بان'!$J$2:$J$4926,$B13)) | H13: =IF($B13="","",INDEX('انتقال دیده بان'!$M$2:$M$4926,$B13)) | I13: =IF($B13="","",INDEX('انتقال دیده بان'!$D$2:$D$4926,$B13)) | J13: =IF($B13="","",INDEX('انتقال دیده بان'!$E$2:$E$4926,$B13)) | K13: =IF($B13="","",INDEX('انتقال دیده بان'!$Y$2:$Y$4926,$B13)) | L13: =IF($B13="","",INDEX('انتقال دیده بان'!$X$2:$X$4926,$B13)) | M13: =IF($B13="","",INDEX('انتقال دیده بان'!$AE$2:$AE$4926,$B13)) | N13: =IF($B13="","",INDEX('انتقال دیده بان'!$AF$2:$AF$4926,$B13)) | O13: =IF($B13="","",INDEX('انتقال دیده بان'!$AH$2:$AH$4926,$B13)) | P13: =IF($B13="","",INDEX('انتقال دیده بان'!$AI$2:$AI$4926,$B13)) | Q13: =IF($B13="","",IF($E13>=85,"شکار ممتاز",IF($E13>=80,"شکار قوی","شکار مشروط")))
A14: =IF($B14="","",ROWS($A$2:A14)) | B14: =IFERROR(MATCH(IFERROR(AGGREGATE(14,6,(('انتقال دیده بان'!$AA$2:$AA$4926)+ROW('انتقال دیده بان'!$AA$2:$AA$4926)/100000000)/(('انتقال دیده بان'!$A$2:$A$4926<>"")* ('انتقال دیده بان'!$B$2:$B$4926<>"")* ISERROR(SEARCH("صندوق",'انتقال دیده بان'!$B$2:$B$4926))* ISERROR(SEARCH("درآمد ثابت",'انتقال دیده بان'!$B$2:$B$4926))* ISERROR(SEARCH("اختیار",'انتقال دیده بان'!$B$2:$B$4926))* ISERROR(SEARCH("اختيار",'انتقال دیده بان'!$B$2:$B$4926))* ISERROR(SEARCH("حق تقدم",'انتقال دیده بان'!$B$2:$B$4926))* ('انتقال دیده بان'!$AA$2:$AA$4926>=70)* ('انتقال دیده بان'!$J$2:$J$4926>=-0.5)* ('انتقال دیده بان'!$J$2:$J$4926<=1.5)* ('انتقال دیده بان'!$M$2:$M$4926>=-1)* ('انتقال دیده بان'!$M$2:$M$4926<=3.5)* ('انتقال دیده بان'!$D$2:$D$4926>=300000)* ('انتقال دیده بان'!$E$2:$E$4926>=1000000000)* ('انتقال دیده بان'!$Y$2:$Y$4926>=1)* IFERROR(('انتقال دیده بان'!$E$2:$E$4926/'انتقال دیده بان'!$C$2:$C$4926)>=20000000,FALSE)* ('انتقال دیده بان'!$AH$2:$AH$4926>=50)),ROWS($A$2:A14)),0),((('انتقال دیده بان'!$AA$2:$AA$4926)+ROW('انتقال دیده بان'!$AA$2:$AA$4926)/100000000)),0),"") | C14: =IF($B14="","",INDEX('انتقال دیده بان'!$A$2:$A$4926,$B14)) | D14: =IF($B14="","",INDEX('انتقال دیده بان'!$B$2:$B$4926,$B14)) | E14: =IF($B14="","",INDEX('انتقال دیده بان'!$AA$2:$AA$4926,$B14)) | F14: =IF($B14="","",INDEX('انتقال دیده بان'!$AJ$2:$AJ$4926,$B14)) | G14: =IF($B14="","",INDEX('انتقال دیده بان'!$J$2:$J$4926,$B14)) | H14: =IF($B14="","",INDEX('انتقال دیده بان'!$M$2:$M$4926,$B14)) | I14: =IF($B14="","",INDEX('انتقال دیده بان'!$D$2:$D$4926,$B14)) | J14: =IF($B14="","",INDEX('انتقال دیده بان'!$E$2:$E$4926,$B14)) | K14: =IF($B14="","",INDEX('انتقال دیده بان'!$Y$2:$Y$4926,$B14)) | L14: =IF($B14="","",INDEX('انتقال دیده بان'!$X$2:$X$4926,$B14)) | M14: =IF($B14="","",INDEX('انتقال دیده بان'!$AE$2:$AE$4926,$B14)) | N14: =IF($B14="","",INDEX('انتقال دیده بان'!$AF$2:$AF$4926,$B14)) | O14: =IF($B14="","",INDEX('انتقال دیده بان'!$AH$2:$AH$4926,$B14)) | P14: =IF($B14="","",INDEX('انتقال دیده بان'!$AI$2:$AI$4926,$B14)) | Q14: =IF($B14="","",IF($E14>=85,"شکار ممتاز",IF($E14>=80,"شکار قوی","شکار مشروط")))
A15: =IF($B15="","",ROWS($A$2:A15)) | B15: =IFERROR(MATCH(IFERROR(AGGREGATE(14,6,(('انتقال دیده بان'!$AA$2:$AA$4926)+ROW('انتقال دیده بان'!$AA$2:$AA$4926)/100000000)/(('انتقال دیده بان'!$A$2:$A$4926<>"")* ('انتقال دیده بان'!$B$2:$B$4926<>"")* ISERROR(SEARCH("صندوق",'انتقال دیده بان'!$B$2:$B$4926))* ISERROR(SEARCH("درآمد ثابت",'انتقال دیده بان'!$B$2:$B$4926))* ISERROR(SEARCH("اختیار",'انتقال دیده بان'!$B$2:$B$4926))* ISERROR(SEARCH("اختيار",'انتقال دیده بان'!$B$2:$B$4926))* ISERROR(SEARCH("حق تقدم",'انتقال دیده بان'!$B$2:$B$4926))* ('انتقال دیده بان'!$AA$2:$AA$4926>=70)* ('انتقال دیده بان'!$J$2:$J$4926>=-0.5)* ('انتقال دیده بان'!$J$2:$J$4926<=1.5)* ('انتقال دیده بان'!$M$2:$M$4926>=-1)* ('انتقال دیده بان'!$M$2:$M$4926<=3.5)* ('انتقال دیده بان'!$D$2:$D$4926>=300000)* ('انتقال دیده بان'!$E$2:$E$4926>=1000000000)* ('انتقال دیده بان'!$Y$2:$Y$4926>=1)* IFERROR(('انتقال دیده بان'!$E$2:$E$4926/'انتقال دیده بان'!$C$2:$C$4926)>=20000000,FALSE)* ('انتقال دیده بان'!$AH$2:$AH$4926>=50)),ROWS($A$2:A15)),0),((('انتقال دیده بان'!$AA$2:$AA$4926)+ROW('انتقال دیده بان'!$AA$2:$AA$4926)/100000000)),0),"") | C15: =IF($B15="","",INDEX('انتقال دیده بان'!$A$2:$A$4926,$B15)) | D15: =IF($B15="","",INDEX('انتقال دیده بان'!$B$2:$B$4926,$B15)) | E15: =IF($B15="","",INDEX('انتقال دیده بان'!$AA$2:$AA$4926,$B15)) | F15: =IF($B15="","",INDEX('انتقال دیده بان'!$AJ$2:$AJ$4926,$B15)) | G15: =IF($B15="","",INDEX('انتقال دیده بان'!$J$2:$J$4926,$B15)) | H15: =IF($B15="","",INDEX('انتقال دیده بان'!$M$2:$M$4926,$B15)) | I15: =IF($B15="","",INDEX('انتقال دیده بان'!$D$2:$D$4926,$B15)) | J15: =IF($B15="","",INDEX('انتقال دیده بان'!$E$2:$E$4926,$B15)) | K15: =IF($B15="","",INDEX('انتقال دیده بان'!$Y$2:$Y$4926,$B15)) | L15: =IF($B15="","",INDEX('انتقال دیده بان'!$X$2:$X$4926,$B15)) | M15: =IF($B15="","",INDEX('انتقال دیده بان'!$AE$2:$AE$4926,$B15)) | N15: =IF($B15="","",INDEX('انتقال دیده بان'!$AF$2:$AF$4926,$B15)) | O15: =IF($B15="","",INDEX('انتقال دیده بان'!$AH$2:$AH$4926,$B15)) | P15: =IF($B15="","",INDEX('انتقال دیده بان'!$AI$2:$AI$4926,$B15)) | Q15: =IF($B15="","",IF($E15>=85,"شکار ممتاز",IF($E15>=80,"شکار قوی","شکار مشروط")))
A16: =IF($B16="","",ROWS($A$2:A16)) | B16: =IFERROR(MATCH(IFERROR(AGGREGATE(14,6,(('انتقال دیده بان'!$AA$2:$AA$4926)+ROW('انتقال دیده بان'!$AA$2:$AA$4926)/100000000)/(('انتقال دیده بان'!$A$2:$A$4926<>"")* ('انتقال دیده بان'!$B$2:$B$4926<>"")* ISERROR(SEARCH("صندوق",'انتقال دیده بان'!$B$2:$B$4926))* ISERROR(SEARCH("درآمد ثابت",'انتقال دیده بان'!$B$2:$B$4926))* ISERROR(SEARCH("اختیار",'انتقال دیده بان'!$B$2:$B$4926))* ISERROR(SEARCH("اختيار",'انتقال دیده بان'!$B$2:$B$4926))* ISERROR(SEARCH("حق تقدم",'انتقال دیده بان'!$B$2:$B$4926))* ('انتقال دیده بان'!$AA$2:$AA$4926>=70)* ('انتقال دیده بان'!$J$2:$J$4926>=-0.5)* ('انتقال دیده بان'!$J$2:$J$4926<=1.5)* ('انتقال دیده بان'!$M$2:$M$4926>=-1)* ('انتقال دیده بان'!$M$2:$M$4926<=3.5)* ('انتقال دیده بان'!$D$2:$D$4926>=300000)* ('انتقال دیده بان'!$E$2:$E$4926>=1000000000)* ('انتقال دیده بان'!$Y$2:$Y$4926>=1)* IFERROR(('انتقال دیده بان'!$E$2:$E$4926/'انتقال دیده بان'!$C$2:$C$4926)>=20000000,FALSE)* ('انتقال دیده بان'!$AH$2:$AH$4926>=50)),ROWS($A$2:A16)),0),((('انتقال دیده بان'!$AA$2:$AA$4926)+ROW('انتقال دیده بان'!$AA$2:$AA$4926)/100000000)),0),"") | C16: =IF($B16="","",INDEX('انتقال دیده بان'!$A$2:$A$4926,$B16)) | D16: =IF($B16="","",INDEX('انتقال دیده بان'!$B$2:$B$4926,$B16)) | E16: =IF($B16="","",INDEX('انتقال دیده بان'!$AA$2:$AA$4926,$B16)) | F16: =IF($B16="","",INDEX('انتقال دیده بان'!$AJ$2:$AJ$4926,$B16)) | G16: =IF($B16="","",INDEX('انتقال دیده بان'!$J$2:$J$4926,$B16)) | H16: =IF($B16="","",INDEX('انتقال دیده بان'!$M$2:$M$4926,$B16)) | I16: =IF($B16="","",INDEX('انتقال دیده بان'!$D$2:$D$4926,$B16)) | J16: =IF($B16="","",INDEX('انتقال دیده بان'!$E$2:$E$4926,$B16)) | K16: =IF($B16="","",INDEX('انتقال دیده بان'!$Y$2:$Y$4926,$B16)) | L16: =IF($B16="","",INDEX('انتقال دیده بان'!$X$2:$X$4926,$B16)) | M16: =IF($B16="","",INDEX('انتقال دیده بان'!$AE$2:$AE$4926,$B16)) | N16: =IF($B16="","",INDEX('انتقال دیده بان'!$AF$2:$AF$4926,$B16)) | O16: =IF($B16="","",INDEX('انتقال دیده بان'!$AH$2:$AH$4926,$B16)) | P16: =IF($B16="","",INDEX('انتقال دیده بان'!$AI$2:$AI$4926,$B16)) | Q16: =IF($B16="","",IF($E16>=85,"شکار ممتاز",IF($E16>=80,"شکار قوی","شکار مشروط")))
A17: =IF($B17="","",ROWS($A$2:A17)) | B17: =IFERROR(MATCH(IFERROR(AGGREGATE(14,6,(('انتقال دیده بان'!$AA$2:$AA$4926)+ROW('انتقال دیده بان'!$AA$2:$AA$4926)/100000000)/(('انتقال دیده بان'!$A$2:$A$4926<>"")* ('انتقال دیده بان'!$B$2:$B$4926<>"")* ISERROR(SEARCH("صندوق",'انتقال دیده بان'!$B$2:$B$4926))* ISERROR(SEARCH("درآمد ثابت",'انتقال دیده بان'!$B$2:$B$4926))* ISERROR(SEARCH("اختیار",'انتقال دیده بان'!$B$2:$B$4926))* ISERROR(SEARCH("اختيار",'انتقال دیده بان'!$B$2:$B$4926))* ISERROR(SEARCH("حق تقدم",'انتقال دیده بان'!$B$2:$B$4926))* ('انتقال دیده بان'!$AA$2:$AA$4926>=70)* ('انتقال دیده بان'!$J$2:$J$4926>=-0.5)* ('انتقال دیده بان'!$J$2:$J$4926<=1.5)* ('انتقال دیده بان'!$M$2:$M$4926>=-1)* ('انتقال دیده بان'!$M$2:$M$4926<=3.5)* ('انتقال دیده بان'!$D$2:$D$4926>=300000)* ('انتقال دیده بان'!$E$2:$E$4926>=1000000000)* ('انتقال دیده بان'!$Y$2:$Y$4926>=1)* IFERROR(('انتقال دیده بان'!$E$2:$E$4926/'انتقال دیده بان'!$C$2:$C$4926)>=20000000,FALSE)* ('انتقال دیده بان'!$AH$2:$AH$4926>=50)),ROWS($A$2:A17)),0),((('انتقال دیده بان'!$AA$2:$AA$4926)+ROW('انتقال دیده بان'!$AA$2:$AA$4926)/100000000)),0),"") | C17: =IF($B17="","",INDEX('انتقال دیده بان'!$A$2:$A$4926,$B17)) | D17: =IF($B17="","",INDEX('انتقال دیده بان'!$B$2:$B$4926,$B17)) | E17: =IF($B17="","",INDEX('انتقال دیده بان'!$AA$2:$AA$4926,$B17)) | F17: =IF($B17="","",INDEX('انتقال دیده بان'!$AJ$2:$AJ$4926,$B17)) | G17: =IF($B17="","",INDEX('انتقال دیده بان'!$J$2:$J$4926,$B17)) | H17: =IF($B17="","",INDEX('انتقال دیده بان'!$M$2:$M$4926,$B17)) | I17: =IF($B17="","",INDEX('انتقال دیده بان'!$D$2:$D$4926,$B17)) | J17: =IF($B17="","",INDEX('انتقال دیده بان'!$E$2:$E$4926,$B17)) | K17: =IF($B17="","",INDEX('انتقال دیده بان'!$Y$2:$Y$4926,$B17)) | L17: =IF($B17="","",INDEX('انتقال دیده بان'!$X$2:$X$4926,$B17)) | M17: =IF($B17="","",INDEX('انتقال دیده بان'!$AE$2:$AE$4926,$B17)) | N17: =IF($B17="","",INDEX('انتقال دیده بان'!$AF$2:$AF$4926,$B17)) | O17: =IF($B17="","",INDEX('انتقال دیده بان'!$AH$2:$AH$4926,$B17)) | P17: =IF($B17="","",INDEX('انتقال دیده بان'!$AI$2:$AI$4926,$B17)) | Q17: =IF($B17="","",IF($E17>=85,"شکار ممتاز",IF($E17>=80,"شکار قوی","شکار مشروط")))
A18: =IF($B18="","",ROWS($A$2:A18)) | B18: =IFERROR(MATCH(IFERROR(AGGREGATE(14,6,(('انتقال دیده بان'!$AA$2:$AA$4926)+ROW('انتقال دیده بان'!$AA$2:$AA$4926)/100000000)/(('انتقال دیده بان'!$A$2:$A$4926<>"")* ('انتقال دیده بان'!$B$2:$B$4926<>"")* ISERROR(SEARCH("صندوق",'انتقال دیده بان'!$B$2:$B$4926))* ISERROR(SEARCH("درآمد ثابت",'انتقال دیده بان'!$B$2:$B$4926))* ISERROR(SEARCH("اختیار",'انتقال دیده بان'!$B$2:$B$4926))* ISERROR(SEARCH("اختيار",'انتقال دیده بان'!$B$2:$B$4926))* ISERROR(SEARCH("حق تقدم",'انتقال دیده بان'!$B$2:$B$4926))* ('انتقال دیده بان'!$AA$2:$AA$4926>=70)* ('انتقال دیده بان'!$J$2:$J$4926>=-0.5)* ('انتقال دیده بان'!$J$2:$J$4926<=1.5)* ('انتقال دیده بان'!$M$2:$M$4926>=-1)* ('انتقال دیده بان'!$M$2:$M$4926<=3.5)* ('انتقال دیده بان'!$D$2:$D$4926>=300000)* ('انتقال دیده بان'!$E$2:$E$4926>=1000000000)* ('انتقال دیده بان'!$Y$2:$Y$4926>=1)* IFERROR(('انتقال دیده بان'!$E$2:$E$4926/'انتقال دیده بان'!$C$2:$C$4926)>=20000000,FALSE)* ('انتقال دیده بان'!$AH$2:$AH$4926>=50)),ROWS($A$2:A18)),0),((('انتقال دیده بان'!$AA$2:$AA$4926)+ROW('انتقال دیده بان'!$AA$2:$AA$4926)/100000000)),0),"") | C18: =IF($B18="","",INDEX('انتقال دیده بان'!$A$2:$A$4926,$B18)) | D18: =IF($B18="","",INDEX('انتقال دیده بان'!$B$2:$B$4926,$B18)) | E18: =IF($B18="","",INDEX('انتقال دیده بان'!$AA$2:$AA$4926,$B18)) | F18: =IF($B18="","",INDEX('انتقال دیده بان'!$AJ$2:$AJ$4926,$B18)) | G18: =IF($B18="","",INDEX('انتقال دیده بان'!$J$2:$J$4926,$B18)) | H18: =IF($B18="","",INDEX('انتقال دیده بان'!$M$2:$M$4926,$B18)) | I18: =IF($B18="","",INDEX('انتقال دیده بان'!$D$2:$D$4926,$B18)) | J18: =IF($B18="","",INDEX('انتقال دیده بان'!$E$2:$E$4926,$B18)) | K18: =IF($B18="","",INDEX('انتقال دیده بان'!$Y$2:$Y$4926,$B18)) | L18: =IF($B18="","",INDEX('انتقال دیده بان'!$X$2:$X$4926,$B18)) | M18: =IF($B18="","",INDEX('انتقال دیده بان'!$AE$2:$AE$4926,$B18)) | N18: =IF($B18="","",INDEX('انتقال دیده بان'!$AF$2:$AF$4926,$B18)) | O18: =IF($B18="","",INDEX('انتقال دیده بان'!$AH$2:$AH$4926,$B18)) | P18: =IF($B18="","",INDEX('انتقال دیده بان'!$AI$2:$AI$4926,$B18)) | Q18: =IF($B18="","",IF($E18>=85,"شکار ممتاز",IF($E18>=80,"شکار قوی","شکار مشروط")))
A19: =IF($B19="","",ROWS($A$2:A19)) | B19: =IFERROR(MATCH(IFERROR(AGGREGATE(14,6,(('انتقال دیده بان'!$AA$2:$AA$4926)+ROW('انتقال دیده بان'!$AA$2:$AA$4926)/100000000)/(('انتقال دیده بان'!$A$2:$A$4926<>"")* ('انتقال دیده بان'!$B$2:$B$4926<>"")* ISERROR(SEARCH("صندوق",'انتقال دیده بان'!$B$2:$B$4926))* ISERROR(SEARCH("درآمد ثابت",'انتقال دیده بان'!$B$2:$B$4926))* ISERROR(SEARCH("اختیار",'انتقال دیده بان'!$B$2:$B$4926))* ISERROR(SEARCH("اختيار",'انتقال دیده بان'!$B$2:$B$4926))* ISERROR(SEARCH("حق تقدم",'انتقال دیده بان'!$B$2:$B$4926))* ('انتقال دیده بان'!$AA$2:$AA$4926>=70)* ('انتقال دیده بان'!$J$2:$J$4926>=-0.5)* ('انتقال دیده بان'!$J$2:$J$4926<=1.5)* ('انتقال دیده بان'!$M$2:$M$4926>=-1)* ('انتقال دیده بان'!$M$2:$M$4926<=3.5)* ('انتقال دیده بان'!$D$2:$D$4926>=300000)* ('انتقال دیده بان'!$E$2:$E$4926>=1000000000)* ('انتقال دیده بان'!$Y$2:$Y$4926>=1)* IFERROR(('انتقال دیده بان'!$E$2:$E$4926/'انتقال دیده بان'!$C$2:$C$4926)>=20000000,FALSE)* ('انتقال دیده بان'!$AH$2:$AH$4926>=50)),ROWS($A$2:A19)),0),((('انتقال دیده بان'!$AA$2:$AA$4926)+ROW('انتقال دیده بان'!$AA$2:$AA$4926)/100000000)),0),"") | C19: =IF($B19="","",INDEX('انتقال دیده بان'!$A$2:$A$4926,$B19)) | D19: =IF($B19="","",INDEX('انتقال دیده بان'!$B$2:$B$4926,$B19)) | E19: =IF($B19="","",INDEX('انتقال دیده بان'!$AA$2:$AA$4926,$B19)) | F19: =IF($B19="","",INDEX('انتقال دیده بان'!$AJ$2:$AJ$4926,$B19)) | G19: =IF($B19="","",INDEX('انتقال دیده بان'!$J$2:$J$4926,$B19)) | H19: =IF($B19="","",INDEX('انتقال دیده بان'!$M$2:$M$4926,$B19)) | I19: =IF($B19="","",INDEX('انتقال دیده بان'!$D$2:$D$4926,$B19)) | J19: =IF($B19="","",INDEX('انتقال دیده بان'!$E$2:$E$4926,$B19)) | K19: =IF($B19="","",INDEX('انتقال دیده بان'!$Y$2:$Y$4926,$B19)) | L19: =IF($B19="","",INDEX('انتقال دیده بان'!$X$2:$X$4926,$B19)) | M19: =IF($B19="","",INDEX('انتقال دیده بان'!$AE$2:$AE$4926,$B19)) | N19: =IF($B19="","",INDEX('انتقال دیده بان'!$AF$2:$AF$4926,$B19)) | O19: =IF($B19="","",INDEX('انتقال دیده بان'!$AH$2:$AH$4926,$B19)) | P19: =IF($B19="","",INDEX('انتقال دیده بان'!$AI$2:$AI$4926,$B19)) | Q19: =IF($B19="","",IF($E19>=85,"شکار ممتاز",IF($E19>=80,"شکار قوی","شکار مشروط")))
A20: =IF($B20="","",ROWS($A$2:A20)) | B20: =IFERROR(MATCH(IFERROR(AGGREGATE(14,6,(('انتقال دیده بان'!$AA$2:$AA$4926)+ROW('انتقال دیده بان'!$AA$2:$AA$4926)/100000000)/(('انتقال دیده بان'!$A$2:$A$4926<>"")* ('انتقال دیده بان'!$B$2:$B$4926<>"")* ISERROR(SEARCH("صندوق",'انتقال دیده بان'!$B$2:$B$4926))* ISERROR(SEARCH("درآمد ثابت",'انتقال دیده بان'!$B$2:$B$4926))* ISERROR(SEARCH("اختیار",'انتقال دیده بان'!$B$2:$B$4926))* ISERROR(SEARCH("اختيار",'انتقال دیده بان'!$B$2:$B$4926))* ISERROR(SEARCH("حق تقدم",'انتقال دیده بان'!$B$2:$B$4926))* ('انتقال دیده بان'!$AA$2:$AA$4926>=70)* ('انتقال دیده بان'!$J$2:$J$4926>=-0.5)* ('انتقال دیده بان'!$J$2:$J$4926<=1.5)* ('انتقال دیده بان'!$M$2:$M$4926>=-1)* ('انتقال دیده بان'!$M$2:$M$4926<=3.5)* ('انتقال دیده بان'!$D$2:$D$4926>=300000)* ('انتقال دیده بان'!$E$2:$E$4926>=1000000000)* ('انتقال دیده بان'!$Y$2:$Y$4926>=1)* IFERROR(('انتقال دیده بان'!$E$2:$E$4926/'انتقال دیده بان'!$C$2:$C$4926)>=20000000,FALSE)* ('انتقال دیده بان'!$AH$2:$AH$4926>=50)),ROWS($A$2:A20)),0),((('انتقال دیده بان'!$AA$2:$AA$4926)+ROW('انتقال دیده بان'!$AA$2:$AA$4926)/100000000)),0),"") | C20: =IF($B20="","",INDEX('انتقال دیده بان'!$A$2:$A$4926,$B20)) | D20: =IF($B20="","",INDEX('انتقال دیده بان'!$B$2:$B$4926,$B20)) | E20: =IF($B20="","",INDEX('انتقال دیده بان'!$AA$2:$AA$4926,$B20)) | F20: =IF($B20="","",INDEX('انتقال دیده بان'!$AJ$2:$AJ$4926,$B20)) | G20: =IF($B20="","",INDEX('انتقال دیده بان'!$J$2:$J$4926,$B20)) | H20: =IF($B20="","",INDEX('انتقال دیده بان'!$M$2:$M$4926,$B20)) | I20: =IF($B20="","",INDEX('انتقال دیده بان'!$D$2:$D$4926,$B20)) | J20: =IF($B20="","",INDEX('انتقال دیده بان'!$E$2:$E$4926,$B20)) | K20: =IF($B20="","",INDEX('انتقال دیده بان'!$Y$2:$Y$4926,$B20)) | L20: =IF($B20="","",INDEX('انتقال دیده بان'!$X$2:$X$4926,$B20)) | M20: =IF($B20="","",INDEX('انتقال دیده بان'!$AE$2:$AE$4926,$B20)) | N20: =IF($B20="","",INDEX('انتقال دیده بان'!$AF$2:$AF$4926,$B20)) | O20: =IF($B20="","",INDEX('انتقال دیده بان'!$AH$2:$AH$4926,$B20)) | P20: =IF($B20="","",INDEX('انتقال دیده بان'!$AI$2:$AI$4926,$B20)) | Q20: =IF($B20="","",IF($E20>=85,"شکار ممتاز",IF($E20>=80,"شکار قوی","شکار مشروط")))
... A501: =IF($B501="","",ROWS($A$2:A501)) | B501: =IFERROR(MATCH(IFERROR(AGGREGATE(14,6,(('انتقال دیده بان'!$AA$2:$AA$4926)+ROW('انتقال دیده بان'!$AA$2:$AA$4926)/100000000)/(('انتقال دیده بان'!$A$2:$A$4926<>"")* ('انتقال دیده بان'!$B$2:$B$4926<>"")* ISERROR(SEARCH("صندوق",'انتقال دیده بان'!$B$2:$B$4926))* ISERROR(SEARCH("درآمد ثابت",'انتقال دیده بان'!$B$2:$B$4926))* ISERROR(SEARCH("اختیار",'انتقال دیده بان'!$B$2:$B$4926))* ISERROR(SEARCH("اختيار",'انتقال دیده بان'!$B$2:$B$4926))* ISERROR(SEARCH("حق تقدم",'انتقال دیده بان'!$B$2:$B$4926))* ('انتقال دیده بان'!$AA$2:$AA$4926>=70)* ('انتقال دیده بان'!$J$2:$J$4926>=-0.5)* ('انتقال دیده بان'!$J$2:$J$4926<=1.5)* ('انتقال دیده بان'!$M$2:$M$4926>=-1)* ('انتقال دیده بان'!$M$2:$M$4926<=3.5)* ('انتقال دیده بان'!$D$2:$D$4926>=300000)* ('انتقال دیده بان'!$E$2:$E$4926>=1000000000)* ('انتقال دیده بان'!$Y$2:$Y$4926>=1)* IFERROR(('انتقال دیده بان'!$E$2:$E$4926/'انتقال دیده بان'!$C$2:$C$4926)>=20000000,FALSE)* ('انتقال دیده بان'!$AH$2:$AH$4926>=50)),ROWS($A$2:A501)),0),((('انتقال دیده بان'!$AA$2:$AA$4926)+ROW('انتقال دیده بان'!$AA$2:$AA$4926)/100000000)),0),"") | C501: =IF($B501="","",INDEX('انتقال دیده بان'!$A$2:$A$4926,$B501)) | D501: =IF($B501="","",INDEX('انتقال دیده بان'!$B$2:$B$4926,$B501)) | E501: =IF($B501="","",INDEX('انتقال دیده بان'!$AA$2:$AA$4926,$B501)) | F501: =IF($B501="","",INDEX('انتقال دیده بان'!$AJ$2:$AJ$4926,$B501)) | G501: =IF($B501="","",INDEX('انتقال دیده بان'!$J$2:$J$4926,$B501)) | H501: =IF($B501="","",INDEX('انتقال دیده بان'!$M$2:$M$4926,$B501)) | I501: =IF($B501="","",INDEX('انتقال دیده بان'!$D$2:$D$4926,$B501)) | J501: =IF($B501="","",INDEX('انتقال دیده بان'!$E$2:$E$4926,$B501)) | K501: =IF($B501="","",INDEX('انتقال دیده بان'!$Y$2:$Y$4926,$B501)) | L501: =IF($B501="","",INDEX('انتقال دیده بان'!$X$2:$X$4926,$B501)) | M501: =IF($B501="","",INDEX('انتقال دیده بان'!$AE$2:$AE$4926,$B501)) | N501: =IF($B501="","",INDEX('انتقال دیده بان'!$AF$2:$AF$4926,$B501)) | O501: =IF($B501="","",INDEX('انتقال دیده بان'!$AH$2:$AH$4926,$B501)) | P501: =IF($B501="","",INDEX('انتقال دیده بان'!$AI$2:$AI$4926,$B501)) | Q501: =IF($B501="","",IF($E501>=85,"شکار ممتاز",IF($E501>=80,"شکار قوی","شکار مشروط")))

Sheet داده دیده بان 
A1: نماد | B1: نام شرکت | C1: صنعت | D1: قیمت پایانی | E1: قیمت آخرین | F1: درصد تغییر | G1: ارزش بازار | H1: ارزش معاملات | I1: حجم امروز | J1: میانگین حجم 30 روز | K1: EPS | L1: P/E | M1: P/E صنعت | N1: رشد فروش (%) | O1: رشد سود (%) | P1: حاشیه سود (%) | Q1: ROE (%) | R1: درصد شناوری (%) | S1: فاصله تا سقف 52 هفته (%) | T1: بازده 3 ماهه (%)

Sheet Sheet6

Sheet Sheet5

Sheet Sheet2
